"Year","Game","ReleaseDate","Genre","Earnings","Players","Tournaments"
"1998","Quake II","1997","First-Person Shooter",66200,16,4
"1998","QuakeWorld","1996","First-Person Shooter",43500,12,3
"1998","StarCraft: Brood War","1998","Strategy",20000,8,1
"1998","Age of Empires","1997","Strategy",2000,1,1
"1999","StarCraft: Brood War","1998","Strategy",139553.84,40,11
"1999","Descent 3","1999","First-Person Shooter",50000,1,1
"1999","Quake III Arena","1999","First-Person Shooter",43200,15,2
"1999","Quake II","1997","First-Person Shooter",42400,12,2
"2000","Quake III Arena","1999","First-Person Shooter",415237.82,97,28
"2000","StarCraft: Brood War","1998","Strategy",133038.04,47,10
"2000","Age of Empires II","1999","Strategy",113768.3,37,16
"2000","FIFA 2000","1999","Sports",50000,4,1
"2000","Counter-Strike","2000","First-Person Shooter",23763.33,62,2
"2000","Age of Empires","1997","Strategy",9500,4,1
"2000","Marvel vs. Capcom 2","2000","Fighting Game",0,3,1
"2000","Street Fighter Alpha 2","1996","Fighting Game",0,3,1
"2000","Street Fighter Alpha 3","1998","Fighting Game",0,3,1
"2000","Street Fighter III: 3rd Strike","1999","Fighting Game",0,3,1
"2000","Super Street Fighter II Turbo","1994","Fighting Game",0,3,1
"2001","Counter-Strike","2000","First-Person Shooter",346592.44,222,13
"2001","Age of Empires II","1999","Strategy",160541.29,49,17
"2001","Quake III Arena","1999","First-Person Shooter",147736.74,48,14
"2001","StarCraft: Brood War","1998","Strategy",91893.99,50,9
"2001","FIFA 2001","2000","Sports",46000,9,2
"2001","Unreal Tournament","1999","First-Person Shooter",46000,9,2
"2001","Aliens versus Predator 2","2001","First-Person Shooter",40000,1,1
"2001","QuakeWorld","1996","First-Person Shooter",15000,8,1
"2001","Capcom vs. SNK","2000","Fighting Game",0,3,1
"2001","Marvel vs. Capcom 2","2000","Fighting Game",0,3,1
"2001","Street Fighter Alpha 3","1998","Fighting Game",0,3,1
"2001","Super Street Fighter II Turbo","1994","Fighting Game",0,3,1
"2002","Counter-Strike","2000","First-Person Shooter",400994.88,351,14
"2002","StarCraft: Brood War","1998","Strategy",132944.26,36,10
"2002","Quake III Arena","1999","First-Person Shooter",102206.4,24,4
"2002","Age of Empires II","1999","Strategy",92866,37,28
"2002","Return to Castle Wolfenstein","2001","First-Person Shooter",67424.3,30,2
"2002","FIFA 2002 World Cup","2002","Sports",43000,8,1
"2002","Unreal Tournament","1999","First-Person Shooter",43000,8,2
"2002","Unreal Tournament 2003","2002","First-Person Shooter",34000,18,5
"2002","WarCraft III","2002","Strategy",31285.25,12,4
"2002","NASCAR Thunder 2002","2001","Racing",7679.25,0,1
"2002","Star Wars Jedi Knight II: Jedi Outcast","2002","First-Person Shooter",7679.25,0,1
"2002","Halo: Combat Evolved","2001","First-Person Shooter",5000,21,2
"2002","Age of Empires","1997","Strategy",100,3,1
"2002","Super Smash Bros. Melee","2001","Fighting Game",40,4,2
"2002","Capcom vs. SNK 2","2001","Fighting Game",0,3,1
"2002","Marvel vs. Capcom 2","2000","Fighting Game",0,3,1
"2002","Super Street Fighter II Turbo","1994","Fighting Game",0,3,1
"2003","Counter-Strike","2000","First-Person Shooter",819377.99,497,61
"2003","StarCraft: Brood War","1998","Strategy",276838.39,81,16
"2003","WarCraft III","2002","Strategy",191632.33,60,29
"2003","Unreal Tournament 2003","2002","First-Person Shooter",111773.91,17,8
"2003","Halo: Combat Evolved","2001","First-Person Shooter",107150,70,12
"2003","Quake III Arena","1999","First-Person Shooter",95463.46,26,6
"2003","FIFA 03","2002","Sports",54066.44,10,3
"2003","Age of Mythology","2002","Strategy",49000,8,3
"2003","Age of Empires II","1999","Strategy",27697.02,45,21
"2003","Super Smash Bros. Melee","2001","Fighting Game",15550,8,4
"2003","Tekken 4","2001","Fighting Game",12500,3,3
"2003","NASCAR Thunder 2003","2002","Racing",5933.5,0,1
"2003","Live for Speed","2003","Racing",2491.62,5,1
"2003","Gran Turismo 3: A-Spec","2001","Racing",1500,3,1
"2003","Madden NFL 2004","2003","Sports",1500,3,1
"2003","Soul Calibur II","2003","Fighting Game",1500,6,3
"2003","Age of Empires","1997","Strategy",625,4,1
"2003","Capcom vs. SNK 2","2001","Fighting Game",0,3,2
"2003","FIFA 04","2003","Sports",0,0,1
"2003","Guilty Gear XX","2002","Fighting Game",0,3,1
"2003","Marvel vs. Capcom 2","2000","Fighting Game",0,3,2
"2003","Street Fighter III: 3rd Strike","1999","Fighting Game",0,3,1
"2003","Super Street Fighter II Turbo","1994","Fighting Game",0,3,1
"2003","Tekken Tag Tournament","1999","Fighting Game",0,3,2
"2003","Virtua Fighter 4: Evolution","2002","Fighting Game",0,3,2
"2004","Counter-Strike","2000","First-Person Shooter",899651.67,698,89
"2004","StarCraft: Brood War","1998","Strategy",498433.15,77,16
"2004","WarCraft III","2002","Strategy",353388.9,111,72
"2004","Doom 3","2004","First-Person Shooter",207748.16,13,3
"2004","Halo: Combat Evolved","2001","First-Person Shooter",183456,59,22
"2004","Counter-Strike: Condition Zero","2004","First-Person Shooter",162150.6,111,3
"2004","Quake III Arena","1999","First-Person Shooter",111500,35,4
"2004","Unreal Tournament 2004","2004","First-Person Shooter",106512.41,30,4
"2004","Painkiller","2004","First-Person Shooter",55000,18,3
"2004","Call of Duty","2003","First-Person Shooter",50000,51,1
"2004","Age of Empires II","1999","Strategy",45565.2,106,15
"2004","FIFA 04","2003","Sports",40000,3,2
"2004","Need for Speed: Underground","2003","Racing",35000,3,1
"2004","Project Gotham Racing 2","2003","Racing",35000,3,1
"2004","Pro Evolution Soccer 3","2003","Sports",25000,8,1
"2004","Super Smash Bros. Melee","2001","Fighting Game",10644.5,17,10
"2004","Day of Defeat","2003","First-Person Shooter",10000,18,1
"2004","Age of Mythology","2002","Strategy",3000,8,1
"2004","Soul Calibur II","2003","Fighting Game",2700,3,2
"2004","Gran Turismo 3: A-Spec","2001","Racing",1750,3,1
"2004","Capcom vs. SNK 2","2001","Fighting Game",0,3,1
"2004","FIFA 05","2004","Sports",0,0,1
"2004","Guilty Gear XX","2002","Fighting Game",0,3,1
"2004","Live for Speed","2003","Racing",0,1,2
"2004","Marvel vs. Capcom 2","2000","Fighting Game",0,3,1
"2004","Street Fighter III: 3rd Strike","1999","Fighting Game",0,3,1
"2004","Super Street Fighter II Turbo","1994","Fighting Game",0,3,1
"2004","Tekken 4","2001","Fighting Game",0,3,1
"2004","Tekken Tag Tournament","1999","Fighting Game",0,3,1
"2004","Virtua Fighter 4: Evolution","2002","Fighting Game",0,3,1
"2005","Counter-Strike","2000","First-Person Shooter",1353441.43,766,97
"2005","Painkiller","2004","First-Person Shooter",960000,42,10
"2005","StarCraft: Brood War","1998","Strategy",592759.49,88,28
"2005","WarCraft III","2002","Strategy",438648.01,93,41
"2005","Halo 2","2004","First-Person Shooter",197850,65,38
"2005","Counter-Strike: Source","2004","First-Person Shooter",150546.22,103,12
"2005","FIFA 05","2004","Sports",57728.01,5,7
"2005","Quake III Arena","1999","First-Person Shooter",56673.87,24,9
"2005","Quake 4","2005","First-Person Shooter",51780.7,42,7
"2005","Doom 3","2004","First-Person Shooter",50000,3,1
"2005","Wolfenstein: Enemy Territory","2003","First-Person Shooter",50000,19,1
"2005","Age of Empires II","1999","Strategy",40816.91,50,13
"2005","Pro Evolution Soccer 4","2004","Sports",40550.64,11,2
"2005","Super Smash Bros. Melee","2001","Fighting Game",36072.46,48,30
"2005","Need for Speed: Underground 2","2004","Racing",35000,6,3
"2005","Warhammer 40,000: Dawn of War","2005","Strategy",35000,3,1
"2005","Day of Defeat","2003","First-Person Shooter",30000,23,1
"2005","Dead or Alive Ultimate","2004","Fighting Game",30000,3,1
"2005","Unreal Tournament 2004","2004","First-Person Shooter",27456.92,14,7
"2005","FIFA 06","2005","Sports",26694.54,6,2
"2005","Quake II","1997","First-Person Shooter",20000,3,1
"2005","Gran Turismo 4","2004","Racing",12000,4,1
"2005","Halo: Combat Evolved","2001","First-Person Shooter",3675,11,3
"2005","Battlefield 2","2005","First-Person Shooter",3148.82,0,1
"2005","Live for Speed","2003","Racing",2823.77,7,2
"2005","Defense of the Ancients","2003","Multiplayer Online Battle Arena",1736.36,0,2
"2005","Need for Speed: Most Wanted","2005","Racing",694.54,4,1
"2005","Call of Duty","2003","First-Person Shooter",629.77,0,2
"2005","Capcom vs. SNK 2","2001","Fighting Game",0,3,1
"2005","Guilty Gear XX #Reload","2003","Fighting Game",0,3,1
"2005","Marvel vs. Capcom 2","2000","Fighting Game",0,3,1
"2005","Project Gotham Racing 2","2003","Racing",0,3,1
"2005","Street Fighter III: 3rd Strike","1999","Fighting Game",0,3,1
"2005","Super Street Fighter II Turbo","1994","Fighting Game",0,3,1
"2005","Tekken 5","2004","Fighting Game",0,3,8
"2005","Tekken Tag Tournament","1999","Fighting Game",0,3,1
"2006","Counter-Strike","2000","First-Person Shooter",2131599.4,950,117
"2006","StarCraft: Brood War","1998","Strategy",809030.24,142,41
"2006","Halo 2","2004","First-Person Shooter",618050,54,19
"2006","WarCraft III","2002","Strategy",517579.95,89,64
"2006","Quake 4","2005","First-Person Shooter",358339,73,35
"2006","Counter-Strike: Source","2004","First-Person Shooter",177710.53,254,27
"2006","Super Smash Bros. Melee","2001","Fighting Game",144584,44,22
"2006","Madden NFL 2006","2005","Sports",100000,1,1
"2006","FIFA 06","2005","Sports",84069.99,15,8
"2006","Quake III Arena","1999","First-Person Shooter",83813.76,46,6
"2006","Battlefield 2","2005","First-Person Shooter",79074.59,0,8
"2006","Project Gotham Racing 3","2005","Racing",72300,8,4
"2006","TrackMania Nations","2006","Racing",72000,11,2
"2006","Dead or Alive 4","2005","Fighting Game",53050,13,4
"2006","Warhammer 40,000: Dawn of War","2005","Strategy",43000,3,1
"2006","Wolfenstein: Enemy Territory","2003","First-Person Shooter",36350.2,54,4
"2006","Need for Speed: Most Wanted","2005","Racing",35000,14,6
"2006","Gran Turismo 4","2004","Racing",32000,4,1
"2006","Pro Evolution Soccer 5","2005","Sports",32000,4,1
"2006","Call of Duty 2","2005","First-Person Shooter",31249.28,0,8
"2006","FIFA 07","2006","Sports",27300,5,3
"2006","Age of Empires II","1999","Strategy",25332.54,50,5
"2006","Ghost Recon Advanced Warfighter","2006","First-Person Shooter",24000,0,2
"2006","Forza Motorsport 2","2007","Racing",15000,2,1
"2006","Day of Defeat","2003","First-Person Shooter",10300,1,1
"2006","Capcom vs. SNK 2","2001","Fighting Game",10250,8,1
"2006","Guilty Gear XX Slash","2005","Fighting Game",10250,6,1
"2006","Hyper Street Fighter II","2003","Fighting Game",10250,8,1
"2006","Marvel vs. Capcom 2","2000","Fighting Game",10250,8,1
"2006","Street Fighter III: 3rd Strike","1999","Fighting Game",10250,8,1
"2006","Tekken 5","2004","Fighting Game",10250,8,1
"2006","Live for Speed","2003","Racing",1895.48,6,2
"2006","Defense of the Ancients","2003","Multiplayer Online Battle Arena",738.83,5,1
"2006","Age of Empires","1997","Strategy",289.25,19,2
"2007","Counter-Strike","2000","First-Person Shooter",1625973.48,868,103
"2007","StarCraft: Brood War","1998","Strategy",1049963.19,128,37
"2007","Counter-Strike: Source","2004","First-Person Shooter",839646.6,408,45
"2007","WarCraft III","2002","Strategy",810507.08,113,102
"2007","Halo 2","2004","First-Person Shooter",673462.47,65,14
"2007","Dead or Alive 4","2005","Fighting Game",254986.85,30,6
"2007","Project Gotham Racing 3","2005","Racing",224986.85,27,5
"2007","World of WarCraft","2004","Role-Playing Game",213500,21,7
"2007","FIFA 07","2006","Sports",210512.23,37,10
"2007","Rainbow Six: Vegas","2006","First-Person Shooter",176400.77,137,7
"2007","Gears of War","2006","Third-Person Shooter",170900.77,33,7
"2007","Quake 4","2005","First-Person Shooter",146558.81,30,10
"2007","Halo 3","2007","First-Person Shooter",100000,16,1
"2007","Madden NFL 2007","2006","Sports",100000,1,1
"2007","Madden NFL 2008","2007","Sports",100000,1,1
"2007","Super Smash Bros. Melee","2001","Fighting Game",74733.31,115,65
"2007","Rise of Nations: Rise of Legends","2006","Strategy",69600,8,1
"2007","World in Conflict","2007","Strategy",65227.5,19,4
"2007","F.E.A.R.","2005","First-Person Shooter",60000,20,3
"2007","Enemy Territory: Quake Wars","2007","First-Person Shooter",56273,26,2
"2007","Need for Speed Carbon","2006","Racing",36322.58,12,3
"2007","Defense of the Ancients","2003","Multiplayer Online Battle Arena",35076.49,31,6
"2007","Call of Duty 2","2005","First-Person Shooter",29089.98,25,6
"2007","Command & Conquer 3","2007","Strategy",24901.26,5,3
"2007","Shadowrun","2007","First-Person Shooter",24000,0,3
"2007","TrackMania Nations","2006","Racing",21381.66,9,5
"2007","Age of Empires II","1999","Strategy",21077.9,40,5
"2007","Pro Evolution Soccer 6","2006","Sports",20216.82,5,2
"2007","Age of Empires III","2005","Strategy",20000,3,1
"2007","Carom 3D","1999","Sports",20000,3,1
"2007","Wolfenstein: Enemy Territory","2003","First-Person Shooter",19156.88,58,3
"2007","Battlefield 2142","2006","First-Person Shooter",18546.14,0,3
"2007","Capcom vs. SNK 2","2001","Fighting Game",10250,8,2
"2007","Guilty Gear XX Accent Core","2007","Fighting Game",10250,23,1
"2007","Marvel vs. Capcom 2","2000","Fighting Game",10250,8,2
"2007","Street Fighter III: 3rd Strike","1999","Fighting Game",10250,11,3
"2007","Super Street Fighter II Turbo","1994","Fighting Game",10250,8,2
"2007","Tekken 5: Dark Resurrection","2006","Fighting Game",10250,8,2
"2007","Virtua Fighter 5","2007","Fighting Game",10250,8,2
"2007","Team Fortress 2","2007","First-Person Shooter",9182,21,2
"2007","Crysis","2007","First-Person Shooter",8364,0,1
"2007","Battlefield 2","2005","First-Person Shooter",6514.86,0,2
"2007","Call of Duty 4: Modern Warfare","2007","First-Person Shooter",6273,20,1
"2007","Quake III Arena","1999","First-Person Shooter",5789.26,17,6
"2007","S.T.A.L.K.E.R.: Shadow of Chernobyl","2007","First-Person Shooter",4901.26,0,1
"2007","Supreme Commander","2007","Strategy",4901.26,0,1
"2007","FIFA 08","2007","Sports",3136.5,4,3
"2007","Live for Speed","2003","Racing",2008.27,5,1
"2007","Trackmania United","2006","Racing",1027.5,3,1
"2007","Day of Defeat: Source","2005","First-Person Shooter",996.07,0,1
"2007","Super Smash Bros.","1999","Fighting Game",940,11,4
"2008","Counter-Strike","2000","First-Person Shooter",1651308.06,737,113
"2008","StarCraft: Brood War","1998","Strategy",1049976.45,191,26
"2008","Counter-Strike: Source","2004","First-Person Shooter",871999.5,468,61
"2008","Halo 3","2007","First-Person Shooter",688924.67,72,11
"2008","WarCraft III","2002","Strategy",681496.09,116,105
"2008","World of WarCraft","2004","Role-Playing Game",450500,72,11
"2008","World in Conflict","2007","Strategy",228110.73,25,7
"2008","Call of Duty 4: Modern Warfare","2007","First-Person Shooter",218907.09,165,23
"2008","Forza Motorsport 2","2007","Racing",207000,16,1
"2008","FIFA 08","2007","Sports",201433.25,62,13
"2008","Dead or Alive 4","2005","Fighting Game",189708.46,18,3
"2008","F.E.A.R.","2005","First-Person Shooter",118000,8,2
"2008","Unreal Tournament 3","2007","First-Person Shooter",104812.82,3,3
"2008","Madden NFL 2009","2008","Sports",100000,1,1
"2008","Defense of the Ancients","2003","Multiplayer Online Battle Arena",81556.24,55,11
"2008","Gears of War","2006","Third-Person Shooter",66974.5,0,6
"2008","Quake III Arena","1999","First-Person Shooter",65619.7,23,14
"2008","Rainbow Six: Vegas 2","2008","First-Person Shooter",64000,0,6
"2008","Team Fortress 2","2007","First-Person Shooter",59639.44,74,7
"2008","Red Stone","2004","Role-Playing Game",35000,6,1
"2008","Need for Speed: ProStreet","2007","Racing",32208.46,12,3
"2008","TrackMania Nations Forever","2008","Racing",30946.31,8,6
"2008","Command & Conquer 3","2007","Strategy",28185.41,7,5
"2008","Project Gotham Racing 4","2007","Racing",25208.46,5,3
"2008","Quake Live","2010","First-Person Shooter",25000,19,2
"2008","Super Smash Bros. Melee","2001","Fighting Game",22934.61,85,27
"2008","Guitar Hero III: Legends of Rock","2007","Sports",19000,8,2
"2008","Age of Empires III","2005","Strategy",17500,3,1
"2008","Asphalt 4","2008","Racing",17500,3,1
"2008","Carom 3D","1999","Sports",17500,3,1
"2008","Virtua Fighter 5","2007","Fighting Game",17500,3,2
"2008","Super Smash Bros. Brawl","2008","Fighting Game",16501.87,88,35
"2008","Age of Empires II","1999","Strategy",14988.36,23,7
"2008","Wolfenstein: Enemy Territory","2003","First-Person Shooter",12014.88,30,2
"2008","Enemy Territory: Quake Wars","2007","First-Person Shooter",4650.12,6,1
"2008","Battlefield 2","2005","First-Person Shooter",2976.95,0,1
"2008","Crysis","2007","First-Person Shooter",2976.95,0,1
"2008","Street Fighter III: 3rd Strike","1999","Fighting Game",2890,5,2
"2008","QuakeWorld","1996","First-Person Shooter",2775.07,0,1
"2008","Marvel vs. Capcom 2","2000","Fighting Game",2610,10,4
"2008","Day of Defeat: Source","2005","First-Person Shooter",2285.82,12,1
"2008","Pro Evolution Soccer 2008","2007","Sports",2084.15,6,3
"2008","Super Street Fighter II Turbo","1994","Fighting Game",1770,6,2
"2008","Tekken 5: Dark Resurrection","2006","Fighting Game",1720,6,2
"2008","Unreal Tournament 2003","2002","First-Person Shooter",1700,1,1
"2008","Capcom vs. SNK 2","2001","Fighting Game",1450,6,2
"2008","Supreme Commander: Forged Alliance","2007","Strategy",1290.01,0,1
"2008","Guilty Gear XX Accent Core","2007","Fighting Game",80,3,1
"2009","Counter-Strike","2000","First-Person Shooter",1353400.64,773,121
"2009","StarCraft: Brood War","1998","Strategy",708775.32,137,51
"2009","WarCraft III","2002","Strategy",387351,74,90
"2009","World of WarCraft","2004","Role-Playing Game",350138.91,68,12
"2009","Counter-Strike: Source","2004","First-Person Shooter",247039.65,321,47
"2009","Halo 3","2007","First-Person Shooter",234900.71,76,7
"2009","Defense of the Ancients","2003","Multiplayer Online Battle Arena",124530.2,123,17
"2009","FIFA 09","2008","Sports",118886.69,52,17
"2009","Call of Duty 4: Modern Warfare","2007","First-Person Shooter",109724.84,121,21
"2009","Quake Live","2010","First-Person Shooter",79946.08,33,19
"2009","Gears of War 2","2008","Third-Person Shooter",60000,0,4
"2009","Super Smash Bros. Melee","2001","Fighting Game",51999.99,161,89
"2009","Magic: The Gathering Online","2002","Collectible Card Game",50000,8,1
"2009","Super Smash Bros. Brawl","2008","Fighting Game",48302.26,195,97
"2009","TrackMania Nations Forever","2008","Racing",35765.59,30,13
"2009","Team Fortress 2","2007","First-Person Shooter",32478.48,142,10
"2009","Red Stone","2004","Role-Playing Game",23000,12,1
"2009","Rainbow Six: Vegas 2","2008","First-Person Shooter",15000,0,1
"2009","Asphalt 4","2008","Racing",12000,3,1
"2009","Carom 3D","1999","Sports",12000,3,1
"2009","Virtua Fighter 5","2007","Fighting Game",12000,3,2
"2009","Wise Star 2","2008","Puzzle Game",12000,3,1
"2009","Quake III Arena","1999","First-Person Shooter",10591.18,20,7
"2009","Age of Empires II","1999","Strategy",10134.84,11,2
"2009","Day of Defeat: Source","2005","First-Person Shooter",7717.64,35,3
"2009","Wolfenstein: Enemy Territory","2003","First-Person Shooter",6637.46,18,1
"2009","Call of Duty 2","2005","First-Person Shooter",4401.02,0,1
"2009","Call of Duty: Modern Warfare 2","2009","First-Person Shooter",4211.84,11,2
"2009","FIFA 08","2007","Sports",2560.19,3,1
"2009","Street Fighter IV","2009","Fighting Game",1602.72,13,5
"2009","Age of Empires","1997","Strategy",880,16,1
"2009","Pro Evolution Soccer 2009","2008","Sports",713.06,3,4
"2009","Super Smash Bros.","1999","Fighting Game",100,7,2
"2009","Marvel vs. Capcom 2","2000","Fighting Game",90,6,2
"2009","Street Fighter III: 3rd Strike","1999","Fighting Game",45,3,2
"2009","BlazBlue: Calamity Trigger","2008","Fighting Game",35,3,1
"2009","Guilty Gear XX Accent Core","2007","Fighting Game",35,9,2
"2009","King of Fighters XI","2005","Fighting Game",25,3,1
"2009","Guilty Gear XX Accent Core Plus","2008","Fighting Game",0,3,1
"2009","Super Street Fighter II Turbo HD Remix","2008","Fighting Game",0,8,2
"2010","Counter-Strike","2000","First-Person Shooter",1448388.99,852,114
"2010","StarCraft II","2010","Strategy",820839.29,320,277
"2010","Halo 3","2007","First-Person Shooter",798113.79,85,9
"2010","StarCraft: Brood War","1998","Strategy",628499.64,99,15
"2010","WarCraft III","2002","Strategy",362767.85,79,88
"2010","Counter-Strike: Source","2004","First-Person Shooter",351448.47,558,62
"2010","World of WarCraft","2004","Role-Playing Game",291250,63,9
"2010","Quake Live","2010","First-Person Shooter",177411.41,77,77
"2010","Defense of the Ancients","2003","Multiplayer Online Battle Arena",158306.3,116,17
"2010","FIFA 10","2009","Sports",117026.71,64,48
"2010","Halo: Reach","2010","First-Person Shooter",114000,1,3
"2010","Magic: The Gathering Online","2002","Collectible Card Game",100000,12,1
"2010","Soul Calibur IV","2008","Fighting Game",100000,1,1
"2010","Special Force","2004","First-Person Shooter",85600,0,2
"2010","Tekken 6","2007","Fighting Game",76418.69,32,13
"2010","Gears of War 2","2008","Third-Person Shooter",75000,0,1
"2010","Super Smash Bros. Brawl","2008","Fighting Game",74805.2,77,25
"2010","Call of Duty: Modern Warfare 2","2009","First-Person Shooter",55798.8,29,6
"2010","KartRider","2004","Racing",51240,12,4
"2010","Heroes of Newerth","2010","Multiplayer Online Battle Arena",45064.9,23,8
"2010","Team Fortress 2","2007","First-Person Shooter",44142.93,211,21
"2010","TrackMania Nations Forever","2008","Racing",41509.04,54,17
"2010","Call of Duty 4: Modern Warfare","2007","First-Person Shooter",39665.91,154,15
"2010","Super Smash Bros. Melee","2001","Fighting Game",31742.98,149,65
"2010","iRacing.com","2008","Racing",28000,5,2
"2010","League of Legends","2009","Multiplayer Online Battle Arena",27942.64,87,24
"2010","CrossFire","2007","First-Person Shooter",23000,0,1
"2010","Super Street Fighter IV","2010","Fighting Game",19170.5,26,6
"2010","Age of Empires II","1999","Strategy",16973.75,18,5
"2010","Carom 3D","1999","Sports",11000,3,1
"2010","Forza Motorsport 3","2009","Racing",11000,3,2
"2010","Guitar Hero 5","2009","Sports",10500,3,1
"2010","Need for Speed: Shift","2009","Racing",10500,3,1
"2010","Gears of War","2006","Third-Person Shooter",10193.3,0,1
"2010","Wolfenstein: Enemy Territory","2003","First-Person Shooter",6811.76,15,1
"2010","Street Fighter IV","2009","Fighting Game",3805.5,11,5
"2010","FIFA 11","2010","Sports",3802.85,14,16
"2010","Day of Defeat: Source","2005","First-Person Shooter",3069.04,18,3
"2010","FIFA 09","2008","Sports",2731.65,3,2
"2010","Warhammer 40,000: Dawn of War","2005","Strategy",1816.5,2,1
"2010","Pro Evolution Soccer 2009","2008","Sports",682.91,3,1
"2010","Age of Empires","1997","Strategy",308,18,1
"2010","Tatsunoko vs. Capcom: Ultimate All-Stars","2010","Fighting Game",300.81,6,3
"2010","Super Smash Bros.","1999","Fighting Game",180,8,4
"2010","Super Street Fighter II Turbo HD Remix","2008","Fighting Game",160,6,2
"2010","Capcom vs. SNK","2000","Fighting Game",140,3,1
"2010","Marvel vs. Capcom 2","2000","Fighting Game",130,6,2
"2010","Melty Blood: Actress Again","2009","Fighting Game",0,3,1
"2011","StarCraft II","2010","Strategy",3179864.09,516,789
"2011","Dota 2","2013","Multiplayer Online Battle Arena",1672268.08,93,6
"2011","Call of Duty: Modern Warfare 3","2011","First-Person Shooter",1003515.34,41,4
"2011","Counter-Strike","2000","First-Person Shooter",879914.71,686,84
"2011","Halo: Reach","2010","First-Person Shooter",593521.98,86,15
"2011","League of Legends","2009","Multiplayer Online Battle Arena",526574.51,387,172
"2011","StarCraft: Brood War","1998","Strategy",423063.87,100,37
"2011","Call of Duty: Black Ops","2010","First-Person Shooter",347153.48,117,21
"2011","Counter-Strike: Source","2004","First-Person Shooter",261943.4,331,42
"2011","Defense of the Ancients","2003","Multiplayer Online Battle Arena",244082.84,246,27
"2011","World of WarCraft","2004","Role-Playing Game",165000,18,3
"2011","Heroes of Newerth","2010","Multiplayer Online Battle Arena",153840.35,42,14
"2011","WarCraft III","2002","Strategy",149527.55,53,64
"2011","Quake Live","2010","First-Person Shooter",125267.32,39,68
"2011","Magic: The Gathering Online","2002","Collectible Card Game",100000,12,1
"2011","FIFA 11","2010","Sports",90180.92,68,62
"2011","Super Street Fighter IV Arcade Edition","2010","Fighting Game",56552.09,41,14
"2011","KartRider","2004","Racing",54123,11,4
"2011","iRacing.com","2008","Racing",48900,14,3
"2011","Team Fortress 2","2007","First-Person Shooter",45490.44,148,21
"2011","Special Force","2004","First-Person Shooter",44650,0,1
"2011","Super Smash Bros. Melee","2001","Fighting Game",44594.21,142,52
"2011","Tekken 6","2007","Fighting Game",38914.17,34,13
"2011","TrackMania Nations Forever","2008","Racing",36283.56,43,18
"2011","CrossFire","2007","First-Person Shooter",34000,15,1
"2011","Mortal Kombat 9","2011","Fighting Game",29501.67,26,8
"2011","Super Smash Bros. Brawl","2008","Fighting Game",28153.32,107,35
"2011","Marvel vs. Capcom 3","2011","Fighting Game",22144.33,38,11
"2011","Bloodline Champions","2011","Multiplayer Online Battle Arena",20000,16,2
"2011","World of Tanks","2010","Strategy",18503.12,7,2
"2011","Marvel vs. Capcom 2","2000","Fighting Game",15000,6,3
"2011","Call of Duty 4: Modern Warfare","2007","First-Person Shooter",14653.11,37,9
"2011","Age of Empires II","1999","Strategy",10458.41,32,5
"2011","BlazBlue: Continuum Shift II","2010","Fighting Game",7591.43,14,4
"2011","TrackMania 2: Canyon","2011","Racing",4673.38,5,2
"2011","Gears of War","2006","Third-Person Shooter",4127,0,3
"2011","Age of Empires","1997","Strategy",3727.63,27,5
"2011","FIFA 12","2011","Sports",1761,12,15
"2011","Super Street Fighter IV","2010","Fighting Game",1706.8,22,10
"2011","Arcana Heart 3","2009","Fighting Game",1000,4,1
"2011","Super Street Fighter II Turbo","1994","Fighting Game",820,11,2
"2011","Super Smash Bros.","1999","Fighting Game",330,3,2
"2011","Soul Calibur IV","2008","Fighting Game",260,3,1
"2011","Street Fighter III: 3rd Strike","1999","Fighting Game",240,3,1
"2011","Project M","2010","Fighting Game",225,4,1
"2011","Age of Empires Online","2011","Strategy",100,3,1
"2011","Street Fighter IV","2009","Fighting Game",90,2,1
"2011","Wolfenstein: Enemy Territory","2003","First-Person Shooter",86.37,6,1
"2011","Ultimate Marvel vs. Capcom 3","2011","Fighting Game",45,2,1
"2011","Mortal Kombat vs. DC Universe","2008","Fighting Game",0,3,1
"2011","Super Street Fighter II Turbo HD Remix","2008","Fighting Game",0,3,1
"2011","Ultimate Mortal Kombat 3","1995","Fighting Game",0,3,1
"2012","League of Legends","2009","Multiplayer Online Battle Arena",4287209.14,930,391
"2012","StarCraft II","2010","Strategy",4200057.72,673,696
"2012","Dota 2","2013","Multiplayer Online Battle Arena",2087094.85,254,96
"2012","Counter-Strike","2000","First-Person Shooter",547584.85,535,65
"2012","Heroes of Newerth","2010","Multiplayer Online Battle Arena",341962.28,309,63
"2012","Counter-Strike: Global Offensive","2012","First-Person Shooter",222538.77,306,48
"2012","Counter-Strike: Source","2004","First-Person Shooter",214637.92,291,35
"2012","World of WarCraft","2004","Role-Playing Game",208500,15,2
"2012","Defense of the Ancients","2003","Multiplayer Online Battle Arena",205438.37,113,11
"2012","Call of Duty: Modern Warfare 3","2011","First-Person Shooter",130960.32,185,35
"2012","World of Tanks","2010","Strategy",123502.27,67,9
"2012","Super Street Fighter IV Arcade Edition","2010","Fighting Game",107590.66,61,39
"2012","StarCraft: Brood War","1998","Strategy",106816.29,52,31
"2012","Counter-Strike Online","2016","First-Person Shooter",106108,33,4
"2012","Mortal Kombat 9","2011","Fighting Game",101300,24,9
"2012","ShootMania Storm","2013","First-Person Shooter",100000,21,2
"2012","WarCraft III","2002","Strategy",81561.64,32,57
"2012","Quake Live","2010","First-Person Shooter",71284.81,30,56
"2012","Tekken Tag Tournament 2","2011","Fighting Game",66720,47,20
"2012","Street Fighter X Tekken","2012","Fighting Game",66015.64,51,27
"2012","Halo: Reach","2010","First-Person Shooter",64567.99,57,10
"2012","Point Blank","2008","First-Person Shooter",64500,49,7
"2012","CrossFire","2007","First-Person Shooter",60774.96,122,22
"2012","Soul Calibur V","2012","Fighting Game",57500.9,22,9
"2012","KartRider","2004","Racing",53139,17,3
"2012","FIFA 12","2011","Sports",52670.52,46,51
"2012","Team Fortress 2","2007","First-Person Shooter",40007.8,97,9
"2012","Halo 4","2012","First-Person Shooter",40000,16,1
"2012","iRacing.com","2008","Racing",32500,8,2
"2012","Super Smash Bros. Melee","2001","Fighting Game",30778.5,87,28
"2012","Call of Duty: Black Ops 2","2012","First-Person Shooter",29997.95,32,4
"2012","Battlefield 3","2011","First-Person Shooter",25407.46,5,6
"2012","Age of Empires II","1999","Strategy",24642.94,49,6
"2012","King of Fighters XIII","2010","Fighting Game",21995,29,8
"2012","Bloodline Champions","2011","Multiplayer Online Battle Arena",21450,27,6
"2012","Super Smash Bros. Brawl","2008","Fighting Game",18424.46,57,24
"2012","TrackMania Nations Forever","2008","Racing",18051.32,21,13
"2012","FIFA 13","2012","Sports",17123.27,21,18
"2012","BlazBlue: Continuum Shift II","2010","Fighting Game",16999.58,0,1
"2012","Call of Duty 4: Modern Warfare","2007","First-Person Shooter",16525.03,51,8
"2012","Super Street Fighter II Turbo HD Remix","2008","Fighting Game",16200,18,3
"2012","Street Fighter III: 3rd Strike","1999","Fighting Game",15780.72,18,4
"2012","TrackMania 2: Canyon","2011","Racing",13237.04,8,26
"2012","Ultimate Marvel vs. Capcom 3","2011","Fighting Game",4696.23,22,6
"2012","Gears of War 3","2011","Third-Person Shooter",4555.81,0,2
"2012","Tekken 6","2007","Fighting Game",4541.78,7,4
"2012","Call of Duty 2","2005","First-Person Shooter",1014.32,10,1
"2012","Project M","2010","Fighting Game",751.81,10,4
"2012","NHL 12","2011","Sports",702.93,6,2
"2012","Persona 4 Arena","2012","Fighting Game",476.63,14,3
"2012","Super Smash Bros.","1999","Fighting Game",400,7,2
"2012","Age of Empires III","2005","Strategy",345,4,2
"2012","QuakeWorld","1996","First-Person Shooter",255.66,1,1
"2012","Call of Duty: Black Ops","2010","First-Person Shooter",240,0,1
"2012","Forza Motorsport 4","11","Racing",132.37,2,1
"2012","Dead or Alive 5","2012","Fighting Game",0,4,1
"2012","Super Street Fighter II Turbo","1994","Fighting Game",0,4,1
"2013","League of Legends","2009","Multiplayer Online Battle Arena",6226159.63,1204,368
"2013","Dota 2","2013","Multiplayer Online Battle Arena",4543141.76,467,126
"2013","StarCraft II","2010","Strategy",3846316.26,612,500
"2013","Call of Duty: Black Ops 2","2012","First-Person Shooter",1432141.3,181,48
"2013","Counter-Strike: Global Offensive","2012","First-Person Shooter",1211869.54,1000,199
"2013","Turbo Racing League","2013","Racing",1000000,16,9
"2013","Heroes of Newerth","2010","Multiplayer Online Battle Arena",649870.1,316,96
"2013","FIFA 13","2012","Sports",441304.55,44,44
"2013","Madden NFL 2013","2012","Sports",400000,8,1
"2013","Halo 4","2012","First-Person Shooter",371798.76,55,15
"2013","World of Tanks","2010","Strategy",329000,47,6
"2013","CrossFire","2007","First-Person Shooter",270618.52,207,68
"2013","World of WarCraft","2004","Role-Playing Game",189000,12,1
"2013","Counter-Strike Online","2016","First-Person Shooter",142193.6,28,4
"2013","ShootMania Storm","2013","First-Person Shooter",129658.37,69,32
"2013","Super Street Fighter IV Arcade Edition","2010","Fighting Game",126977.72,100,96
"2013","Magic: The Gathering Online","2002","Collectible Card Game",116000,16,1
"2013","StarCraft: Brood War","1998","Strategy",109570.17,56,35
"2013","NHL 13","2012","Sports",70000,1,1
"2013","Call of Duty: Ghosts","2013","First-Person Shooter",68749.3,59,14
"2013","WarCraft III","2002","Strategy",66904.83,22,61
"2013","Super Smash Bros. Melee","2001","Fighting Game",56927.3,202,112
"2013","Quake Live","2010","First-Person Shooter",50733.15,45,21
"2013","Point Blank","2008","First-Person Shooter",48000,39,3
"2013","SMITE","2014","Multiplayer Online Battle Arena",43472.38,25,3
"2013","Ultimate Marvel vs. Capcom 3","2011","Fighting Game",37763.67,75,59
"2013","Age of Empires II","1999","Strategy",32780.27,53,5
"2013","iRacing.com","2008","Racing",32000,10,2
"2013","Team Fortress 2","2007","First-Person Shooter",31664.98,114,11
"2013","FIFA 14","2013","Sports",28687.53,19,19
"2013","KartRider","2004","Racing",27570,16,1
"2013","Tekken Tag Tournament 2","2011","Fighting Game",24225.86,51,51
"2013","Injustice: Gods Among Us","2013","Fighting Game",18906.89,71,69
"2013","Super Smash Bros. Brawl","2008","Fighting Game",18591.65,86,51
"2013","Street Fighter X Tekken","2012","Fighting Game",15425,56,51
"2013","Battlefield 4","2013","First-Person Shooter",15408.65,20,3
"2013","TrackMania 2: Stadium","2013","Racing",12008.29,23,8
"2013","Counter-Strike","2000","First-Person Shooter",10080,21,1
"2013","Project M","2010","Fighting Game",8815.48,92,44
"2013","Defense of the Ancients","2003","Multiplayer Online Battle Arena",5955.02,0,2
"2013","Call of Duty 4: Modern Warfare","2007","First-Person Shooter",5850.23,15,5
"2013","King of Fighters XIII","2010","Fighting Game",5510,36,11
"2013","Persona 4 Arena","2012","Fighting Game",5040,21,6
"2013","S.K.I.L.L. - Special Force 2","2013","First-Person Shooter",4054.33,10,1
"2013","Mortal Kombat 9","2011","Fighting Game",2640,16,4
"2013","Street Fighter IV","2009","Fighting Game",2440,16,1
"2013","Divekick","2013","Fighting Game",2360,11,3
"2013","Age of Empires III","2005","Strategy",2145.85,11,2
"2013","Super Smash Bros.","1999","Fighting Game",2061,16,5
"2013","TrackMania Nations Forever","2008","Racing",1881.98,11,2
"2013","Age of Empires","1997","Strategy",1716,27,3
"2013","TrackMania 2: Canyon","2011","Racing",1427.78,3,2
"2013","Hearthstone","2014","Collectible Card Game",1395.34,3,3
"2013","Doom II: Hell on Earth","1994","First-Person Shooter",1000,1,1
"2013","Soul Calibur V","2012","Fighting Game",405,19,3
"2013","Skullgirls","2012","Fighting Game",300,3,1
"2013","Trackmania 2: Valley","2013","Racing",238.68,3,1
"2013","Dragon Ball Z: Budokai 3","2004","Fighting Game",204.06,3,1
"2013","Unreal Tournament 3","2007","First-Person Shooter",165,4,1
"2013","BlazBlue: Continuum Shift Extend","2011","Fighting Game",0,3,1
"2013","Dead or Alive 5 Ultimate","2013","Fighting Game",0,11,2
"2014","Dota 2","2013","Multiplayer Online Battle Arena",16608030.59,674,150
"2014","League of Legends","2009","Multiplayer Online Battle Arena",8057290.99,1631,428
"2014","StarCraft II","2010","Strategy",3471338.3,499,610
"2014","Counter-Strike: Global Offensive","2012","First-Person Shooter",1962515.01,1420,279
"2014","Call of Duty: Ghosts","2013","First-Person Shooter",1525435.95,182,62
"2014","Hearthstone","2014","Collectible Card Game",1123245.18,309,177
"2014","World of Tanks","2010","Strategy",882436.68,64,7
"2014","CrossFire","2007","First-Person Shooter",506348.43,187,46
"2014","SMITE","2014","Multiplayer Online Battle Arena",497909.6,81,10
"2014","Heroes of Newerth","2010","Multiplayer Online Battle Arena",486110.24,249,87
"2014","World of WarCraft","2004","Role-Playing Game",250000,24,1
"2014","WarCraft III","2002","Strategy",215181.8,47,29
"2014","Super Smash Bros. Melee","2001","Fighting Game",167343.13,362,268
"2014","Ultra Street Fighter IV","2014","Fighting Game",162631.79,96,79
"2014","Attack on Titan Tribute Game","2013","Fighting Game",139063.53,42,19
"2014","Battlefield 4","2013","First-Person Shooter",128323.18,74,67
"2014","Call of Duty: Advanced Warfare","2014","First-Person Shooter",126947.81,127,40
"2014","Magic: The Gathering Online","2002","Collectible Card Game",116000,16,1
"2014","KartRider","2004","Racing",106712,33,2
"2014","Halo 2 Anniversary","2014","First-Person Shooter",90037.6,57,7
"2014","Counter-Strike Online","2016","First-Person Shooter",78688,15,2
"2014","Point Blank","2008","First-Person Shooter",78000,57,4
"2014","Team Fortress 2","2007","First-Person Shooter",72949.72,110,16
"2014","FIFA 14","2013","Sports",67660.28,52,50
"2014","Quake Live","2010","First-Person Shooter",64563.87,80,81
"2014","Guild Wars 2","2012","Role-Playing Game",60075.36,60,19
"2014","Age of Empires II","1999","Strategy",54308.71,124,21
"2014","StarCraft: Brood War","1998","Strategy",53601.35,32,16
"2014","Project M","2010","Fighting Game",53150.21,208,107
"2014","Super Street Fighter IV Arcade Edition","2010","Fighting Game",39044.63,68,52
"2014","BlazBlue: Chronophantasma","2012","Fighting Game",36535,50,10
"2014","S.K.I.L.L. - Special Force 2","2013","First-Person Shooter",35929.65,10,3
"2014","iRacing.com","2008","Racing",30500,8,2
"2014","Pro Evolution Soccer 2014","2013","Sports",29410.25,4,1
"2014","Tekken Tag Tournament 2","2011","Fighting Game",27583.4,73,51
"2014","Killer Instinct (2013)","2013","Fighting Game",22399.8,43,12
"2014","Halo 4","2012","First-Person Shooter",18950,16,3
"2014","Ultimate Marvel vs. Capcom 3","2011","Fighting Game",17570.01,71,32
"2014","Super Smash Bros. Brawl","2008","Fighting Game",16629.31,80,33
"2014","TrackMania 2: Stadium","2013","Racing",16414.15,56,17
"2014","ShootMania Storm","2013","First-Person Shooter",15000,9,2
"2014","Injustice: Gods Among Us","2013","Fighting Game",14900,56,44
"2014","FIFA 15","2014","Sports",14808.9,39,55
"2014","King of Fighters XIII","2010","Fighting Game",14444.4,51,12
"2014","Heroes of the Storm","2015","Multiplayer Online Battle Arena",14257.5,47,19
"2014","Halo 3","2007","First-Person Shooter",10140.23,21,4
"2014","Super Smash Bros. for Wii U","2014","Fighting Game",9521.65,64,17
"2014","Call of Duty 4: Modern Warfare","2007","First-Person Shooter",6028.93,0,3
"2014","Age of Empires","1997","Strategy",3740,24,3
"2014","Super Smash Bros.","1999","Fighting Game",3073,28,8
"2014","NHL 14","2013","Sports",3023.96,6,3
"2014","Chess.com","2007","Strategy",2999.99,17,3
"2014","Divekick","2013","Fighting Game",1700,9,3
"2014","Counter-Strike","2000","First-Person Shooter",1500,5,1
"2014","TrackMania 2: Canyon","2011","Racing",1194.24,5,2
"2014","Persona 4 Arena","2012","Fighting Game",820,11,2
"2014","Soul Calibur V","2012","Fighting Game",635,32,5
"2014","Street Fighter X Tekken","2012","Fighting Game",520,35,7
"2014","Capcom vs. SNK 2","2001","Fighting Game",445,10,2
"2014","Guilty Gear XX Accent Core Plus R","2012","Fighting Game",440,41,7
"2014","Under Night In-Birth EXE: Late","2014","Fighting Game",320,16,6
"2014","Xonotic","2010","First-Person Shooter",315.73,20,1
"2014","Age of Mythology","2002","Strategy",200,3,1
"2014","Marvel vs. Capcom 2","2000","Fighting Game",200,11,2
"2014","Dead or Alive 5 Ultimate","2013","Fighting Game",0,33,5
"2014","Just Dance 2014","2014","Sports",0,3,1
"2014","Mortal Kombat 9","2011","Fighting Game",0,21,3
"2014","Persona 4 Arena Ultimax","2013","Fighting Game",0,8,1
"2014","Skullgirls Encore","2014","Fighting Game",0,10,2
"2014","Soul Calibur II HD Online","2013","Fighting Game",0,14,2
"2014","Street Fighter Alpha 3","1998","Fighting Game",0,8,1
"2014","Street Fighter III: 3rd Strike","1999","Fighting Game",0,11,2
"2014","Super Street Fighter II Turbo","1994","Fighting Game",0,23,4
"2014","Virtua Fighter 5 Final Showdown","2010","Fighting Game",0,16,2
"2015","Dota 2","2013","Multiplayer Online Battle Arena",31050786.86,983,227
"2015","League of Legends","2009","Multiplayer Online Battle Arena",7717807.16,1918,309
"2015","Counter-Strike: Global Offensive","2012","First-Person Shooter",6284970.14,3021,707
"2015","SMITE","2014","Multiplayer Online Battle Arena",3709088.73,252,42
"2015","StarCraft II","2010","Strategy",3017759.24,501,690
"2015","Call of Duty: Advanced Warfare","2014","First-Person Shooter",2481861.12,759,364
"2015","Heroes of the Storm","2015","Multiplayer Online Battle Arena",2470686.83,666,286
"2015","Hearthstone","2014","Collectible Card Game",2372583.73,563,251
"2015","World of Tanks","2010","Strategy",1203054.52,248,20
"2015","Heroes of Newerth","2010","Multiplayer Online Battle Arena",810839.41,261,76
"2015","Ultra Street Fighter IV","2014","Fighting Game",642578.64,148,123
"2015","Super Smash Bros. Melee","2001","Fighting Game",514706.42,557,533
"2015","CrossFire","2007","First-Person Shooter",500714.08,133,73
"2015","World of WarCraft","2004","Role-Playing Game",470948.7,82,20
"2015","Halo 2 Anniversary","2014","First-Person Shooter",378667.45,81,13
"2015","Super Smash Bros. for Wii U","2014","Fighting Game",274699.63,478,293
"2015","Mortal Kombat X","2015","Fighting Game",232922.43,65,40
"2015","Attack on Titan Tribute Game","2013","Fighting Game",220200,28,15
"2015","WarCraft III","2002","Strategy",219597.87,56,58
"2015","Age of Empires II","1999","Strategy",202786.83,221,13
"2015","Vainglory","2014","Multiplayer Online Battle Arena",193392.54,83,4
"2015","H1Z1","2016","Battle Royale",173328,20,2
"2015","StarCraft: Brood War","1998","Strategy",153783.67,81,55
"2015","Point Blank","2008","First-Person Shooter",143097.75,103,11
"2015","Evolve","2015","First-Person Shooter",131509.05,110,33
"2015","FIFA 15","2014","Sports",129565.09,148,297
"2015","Magic: The Gathering Online","2002","Collectible Card Game",116000,16,1
"2015","Guild Wars 2","2012","Role-Playing Game",115930.14,39,34
"2015","Blade & Soul","2012","Role-Playing Game",103401.12,16,2
"2015","Tekken 7","2015","Fighting Game",97214.27,14,3
"2015","S.K.I.L.L. - Special Force 2","2013","First-Person Shooter",91548.95,65,16
"2015","Battlefield 4","2013","First-Person Shooter",83382.97,93,69
"2015","Killer Instinct (2013)","2013","Fighting Game",83227.57,43,13
"2015","Team Fortress 2","2007","First-Person Shooter",82721.87,195,18
"2015","Call of Duty: Black Ops III","2015","First-Person Shooter",77597.45,145,23
"2015","Project M","2010","Fighting Game",57236.28,213,72
"2015","KartRider","2004","Racing",54188,12,1
"2015","Quake Live","2010","First-Person Shooter",49091.89,51,41
"2015","Counter-Strike Online","2016","First-Person Shooter",40000,15,1
"2015","iRacing.com","2008","Racing",39694.67,113,6
"2015","Guilty Gear Xrd -SIGN-","2014","Fighting Game",30335.66,69,28
"2015","Halo 5: Guardians","2015","First-Person Shooter",28490.94,35,7
"2015","Pro Evolution Soccer 2015","2014","Sports",26544.76,3,1
"2015","TrackMania 2: Stadium","2013","Racing",24265.77,33,15
"2015","Rocket League","2015","Sports",23976.56,96,79
"2015","FIFA 16","2015","Sports",22133.61,19,10
"2015","Ultimate Marvel vs. Capcom 3","2011","Fighting Game",21643.72,72,24
"2015","Chess.com","2007","Strategy",20859.98,69,16
"2015","FIFA Online 3","2012","Sports",20124,8,2
"2015","ShootMania Storm","2013","First-Person Shooter",17028.67,9,4
"2015","Persona 4 Arena Ultimax","2013","Fighting Game",16528.16,41,10
"2015","Super Street Fighter IV Arcade Edition","2010","Fighting Game",13712.98,8,1
"2015","Battlefield Hardline","2015","First-Person Shooter",13463.28,20,1
"2015","Age of Empires","1997","Strategy",12939,26,9
"2015","Super Smash Bros.","1999","Fighting Game",11915.7,57,19
"2015","Super Smash Bros. Brawl","2008","Fighting Game",9890,43,7
"2015","Grey Goo","2015","Strategy",6000,12,3
"2015","Call of Duty: Black Ops 2","2012","First-Person Shooter",5000,4,1
"2015","osu!","2007","Strategy",5000,239,1
"2015","Tekken Tag Tournament 2","2011","Fighting Game",4606.44,29,11
"2015","Skullgirls Encore","2014","Fighting Game",3915.4,23,6
"2015","Brawlhalla","2015","Fighting Game",3710,48,13
"2015","Dead or Alive 5: Last Round","2015","Fighting Game",3709.24,28,7
"2015","Overwatch","2016","First-Person Shooter",3320,44,10
"2015","NHL 15","2014","Sports",3157.16,3,3
"2015","Call of Duty 4: Modern Warfare","2007","First-Person Shooter",2703.33,0,1
"2015","Gears of War 3","2011","Third-Person Shooter",2700,13,2
"2015","NHL '94","1993","Sports",2691.2,16,2
"2015","Project Cars","2015","Racing",2190,15,39
"2015","Wolfenstein: Enemy Territory","2003","First-Person Shooter",2107.3,18,1
"2015","Age of Empires III","2005","Strategy",1995,16,3
"2015","Reflex","2015","First-Person Shooter",1962,9,3
"2015","Under Night In-Birth EXE: Late","2014","Fighting Game",1695.76,25,8
"2015","King of Fighters XIII","2010","Fighting Game",1460.31,31,8
"2015","Street Fighter III: 3rd Strike","1999","Fighting Game",1224.86,10,4
"2015","Divekick","2013","Fighting Game",1110,5,2
"2015","Shards of War","2015","Multiplayer Online Battle Arena",1029.21,20,1
"2015","Rising Thunder","2015","Fighting Game",1000,3,1
"2015","Tetris","1989","Puzzle Game",1000,4,1
"2015","BlazBlue: Chronophantasma Extend","2015","Fighting Game",944.21,15,5
"2015","Soul Calibur V","2012","Fighting Game",920,16,4
"2015","Injustice: Gods Among Us","2013","Fighting Game",870,8,3
"2015","Splatoon","2015","First-Person Shooter",770,3,3
"2015","Street Fighter X Tekken","2012","Fighting Game",600,6,2
"2015","TrackMania 2: Canyon","2011","Racing",540.66,3,1
"2015","Trackmania 2: Valley","2013","Racing",540.66,3,1
"2015","BlazBlue: Chronophantasma","2012","Fighting Game",485.58,24,5
"2015","Legend of Glory","2015","Multiplayer Online Battle Arena",472.66,0,1
"2015","Nitroplus Blasterz: Heroines Infinite Duel","2015","Fighting Game",464,3,1
"2015","Super Street Fighter II Turbo","1994","Fighting Game",328.69,6,2
"2015","Unreal Tournament (2016)","2016","First-Person Shooter",314.63,9,2
"2015","Mortal Kombat 9","2011","Fighting Game",190,3,1
"2015","Ultimate Mortal Kombat 3","1995","Fighting Game",150,3,1
"2015","Virtua Fighter 5 Final Showdown","2010","Fighting Game",145.23,3,1
"2015","Guilty Gear XX Accent Core Plus R","2012","Fighting Game",120,10,2
"2015","Capcom vs. SNK 2","2001","Fighting Game",61.79,3,1
"2015","Dengeki Bunko: Fighting Climax","2014","Fighting Game",60,3,1
"2015","QuakeWorld","1996","First-Person Shooter",55.09,1,1
"2015","Marvel vs. Capcom 2","2000","Fighting Game",0,11,2
"2015","Melty Blood: Actress Again","2009","Fighting Game",0,8,1
"2016","Dota 2","2013","Multiplayer Online Battle Arena",37464419.92,897,154
"2016","Counter-Strike: Global Offensive","2012","First-Person Shooter",17266132.5,4401,861
"2016","League of Legends","2009","Multiplayer Online Battle Arena",10529059.95,1608,182
"2016","Heroes of the Storm","2015","Multiplayer Online Battle Arena",4663149.1,388,63
"2016","Call of Duty: Black Ops III","2015","First-Person Shooter",3862185.84,365,55
"2016","Hearthstone","2014","Collectible Card Game",3455125.46,582,134
"2016","Halo 5: Guardians","2015","First-Person Shooter",3411240.03,176,36
"2016","StarCraft II","2010","Strategy",3182918.35,413,651
"2016","Overwatch","2016","First-Person Shooter",1996942.76,1203,261
"2016","SMITE","2014","Multiplayer Online Battle Arena",1638242.04,316,21
"2016","CrossFire","2007","First-Person Shooter",887159.96,152,20
"2016","Street Fighter V","2016","Fighting Game",869956.88,135,61
"2016","FIFA Online 3","2012","Sports",835082.4,35,3
"2016","Super Smash Bros. Melee","2001","Fighting Game",674499.14,757,750
"2016","Gears of War 4","2016","Third-Person Shooter",501285,77,16
"2016","World of WarCraft","2004","Role-Playing Game",453000,61,4
"2016","Super Smash Bros. for Wii U","2014","Fighting Game",429999.07,577,283
"2016","Rocket League","2015","Sports",429727.73,265,307
"2016","Vainglory","2014","Multiplayer Online Battle Arena",424628.65,165,21
"2016","WarCraft III","2002","Strategy",419963.19,93,108
"2016","World of Tanks","2010","Strategy",400000,40,2
"2016","Guild Wars 2","2012","Role-Playing Game",300000,100,4
"2016","Rainbow Six Siege","2015","First-Person Shooter",295680.03,111,22
"2016","Mortal Kombat X","2015","Fighting Game",290129.99,45,21
"2016","H1Z1","2016","Battle Royale",267244,18,2
"2016","Heroes of Newerth","2010","Multiplayer Online Battle Arena",246433.55,97,24
"2016","Clash Royale","2016","Strategy",228859.56,33,7
"2016","Attack on Titan Tribute Game","2013","Fighting Game",177000,20,10
"2016","Gears of War: Ultimate Edition","2015","Third-Person Shooter",170000,39,3
"2016","Blade & Soul","2012","Role-Playing Game",156182.4,28,2
"2016","Point Blank","2008","First-Person Shooter",145000,74,2
"2016","KartRider","2004","Racing",144234,19,3
"2016","MechWarrior Online","2013","First-Person Shooter",143490,0,1
"2016","Call of Duty: Infinite Warfare","2016","First-Person Shooter",125020.99,56,4
"2016","Magic: The Gathering Online","2002","Collectible Card Game",104000,13,1
"2016","Paladins","2015","First-Person Shooter",104000,26,2
"2016","Mortal Kombat XL","2016","Fighting Game",100941.39,24,7
"2016","Madden NFL 2017","2016","Sports",100000,16,1
"2016","FIFA 16","2015","Sports",95694.5,54,18
"2016","Brawlhalla","2015","Fighting Game",78931.09,117,68
"2016","Team Fortress 2","2007","First-Person Shooter",78899.83,226,21
"2016","Tekken 7","2015","Fighting Game",78599.54,66,16
"2016","StarCraft: Brood War","1998","Strategy",75767.76,32,13
"2016","Age of Empires","1997","Strategy",62321.8,99,20
"2016","Killer Instinct (2013)","2013","Fighting Game",55479.59,44,12
"2016","Age of Empires II","1999","Strategy",51096.14,124,30
"2016","Madden NFL 2016","2015","Sports",50000,8,1
"2016","iRacing.com","2008","Racing",47319.88,134,8
"2016","Uncharted 4: A Thief's End","2016","First-Person Shooter",46235.07,5,1
"2016","Pokkén Tournament","2016","Fighting Game",40381.66,38,10
"2016","Counter-Strike Online","2016","First-Person Shooter",40000,15,1
"2016","Old School Runescape","2013","Role-Playing Game",40000,4,4
"2016","Forza Motorsport 6","2015","Racing",39850,35,7
"2016","Project M","2010","Fighting Game",38048.66,162,48
"2016","Project Cars","2015","Racing",33395.5,30,48
"2016","Grey Goo","2015","Strategy",30400,16,2
"2016","FIFA 17","2016","Sports",30305.99,41,4
"2016","Guilty Gear Xrd -REVELATOR-","2016","Fighting Game",28899.49,47,11
"2016","Quake Live","2010","First-Person Shooter",28002.76,14,25
"2016","Pro Evolution Soccer 2016","2015","Sports",27243.84,17,6
"2016","QuakeWorld","1996","First-Person Shooter",25000,16,1
"2016","Chess.com","2007","Strategy",23859.98,81,22
"2016","Ultimate Marvel vs. Capcom 3","2011","Fighting Game",18501.06,45,25
"2016","Super Smash Bros.","1999","Fighting Game",18200.77,77,33
"2016","Battlerite","2016","Multiplayer Online Battle Arena",12881.74,55,38
"2016","TrackMania 2: Stadium","2013","Racing",12386.52,29,15
"2016","Ultra Street Fighter IV","2014","Fighting Game",8546.61,42,15
"2016","Metal Gear Online","2008","First-Person Shooter",8000,37,8
"2016","Guilty Gear Xrd -SIGN-","2014","Fighting Game",7110,25,10
"2016","osu!","2007","Strategy",6220,414,2
"2016","Battlefield 4","2013","First-Person Shooter",6070.68,40,3
"2016","King of Fighters XIV","2016","Fighting Game",5318.49,19,4
"2016","Skullgirls Encore","2014","Fighting Game",5240,15,5
"2016","Pro Evolution Soccer 2017","2016","Sports",4697.71,23,11
"2016","Super Smash Bros. Brawl","2008","Fighting Game",4500.54,38,13
"2016","BlazBlue: Chronophantasma Extend","2015","Fighting Game",3974.56,16,6
"2016","Under Night In-Birth EXE: Late","2014","Fighting Game",3050,19,7
"2016","BlazBlue: Central Fiction","2015","Fighting Game",2836.51,11,2
"2016","Tekken Tag Tournament 2","2011","Fighting Game",2520,13,4
"2016","Age of Empires III","2005","Strategy",2120,12,6
"2016","Naruto Shippuden: Ultimate Ninja Storm 4","2016","Fighting Game",2000,0,2
"2016","Dead or Alive 5: Last Round","2015","Fighting Game",1934.58,14,5
"2016","Skullgirls 2nd Encore","2015","Fighting Game",1700,8,1
"2016","Tetris","1989","Puzzle Game",1500,2,1
"2016","Super Street Fighter II Turbo","1994","Fighting Game",1459.72,17,4
"2016","Nitroplus Blasterz: Heroines Infinite Duel","2015","Fighting Game",1380,5,2
"2016","Xonotic","2010","First-Person Shooter",1283.15,56,3
"2016","Persona 4 Arena Ultimax","2013","Fighting Game",1250,11,4
"2016","Unreal Tournament (2016)","2016","First-Person Shooter",1071.42,17,3
"2016","Vampire Savior","1997","Fighting Game",918.74,9,3
"2016","Guilty Gear XX Accent Core Plus R","2012","Fighting Game",870,5,2
"2016","King of Fighters XIII","2010","Fighting Game",834.57,9,3
"2016","NHL '94","1993","Sports",806.16,7,3
"2016","Melty Blood: Actress Again Current Code","2010","Fighting Game",700,8,1
"2016","Dengeki Bunko: Fighting Climax Ignition","2015","Fighting Game",662.3,11,2
"2016","Splatoon","2015","First-Person Shooter",620,0,1
"2016","Trackmania Turbo","2016","Racing",566.91,3,1
"2016","Injustice: Gods Among Us","2013","Fighting Game",500,3,1
"2016","Rivals of Aether","2015","Fighting Game",500,2,2
"2016","Bloodline Champions","2011","Multiplayer Online Battle Arena",455.32,6,4
"2016","King of Fighters 2002 Unlimited Match","2009","Fighting Game",380,3,1
"2016","Street Fighter X Tekken","2012","Fighting Game",300,3,1
"2016","Catherine","2011","Puzzle Game",270,3,1
"2016","Virtua Fighter 5 Final Showdown","2010","Fighting Game",268.54,7,2
"2016","Koihime Enbu","2016","Fighting Game",250,3,1
"2016","MOBA Legends","2016","Multiplayer Online Battle Arena",225,3,1
"2016","Arcana Heart 3: LOVE MAX!!!!!","2013","Fighting Game",210,3,1
"2016","Marvel vs. Capcom 3","2011","Fighting Game",199.29,0,1
"2016","Divekick","2013","Fighting Game",180,3,1
"2016","Tatsunoko vs. Capcom: Ultimate All-Stars","2010","Fighting Game",170,3,1
"2016","Aquapazza: Aquaplus Dream Match","2011","Fighting Game",160,3,1
"2016","Soul Calibur V","2012","Fighting Game",140,3,2
"2016","Marvel vs. Capcom 2","2000","Fighting Game",100,3,1
"2016","Reflex","2015","First-Person Shooter",32.74,1,1
"2017","Dota 2","2013","Multiplayer Online Battle Arena",38074599.32,1060,167
"2017","Counter-Strike: Global Offensive","2012","First-Person Shooter",19270081.81,4791,906
"2017","League of Legends","2009","Multiplayer Online Battle Arena",12225701.03,1911,186
"2017","Heroes of the Storm","2015","Multiplayer Online Battle Arena",5444449.54,441,41
"2017","Call of Duty: Infinite Warfare","2016","First-Person Shooter",4031184.07,322,76
"2017","Overwatch","2016","First-Person Shooter",3488230.1,1594,284
"2017","Hearthstone","2014","Collectible Card Game",3476623.09,678,122
"2017","StarCraft II","2010","Strategy",3413355.85,380,649
"2017","Halo 5: Guardians","2015","First-Person Shooter",1748000,99,14
"2017","SMITE","2014","Multiplayer Online Battle Arena",1567900,143,8
"2017","H1Z1","2016","Battle Royale",1551550,88,8
"2017","CrossFire","2007","First-Person Shooter",1519054.74,169,36
"2017","Rocket League","2015","Sports",1506270.87,391,343
"2017","Quake Champions","2017","First-Person Shooter",1481152.31,127,55
"2017","FIFA 17","2016","Sports",1452306.64,130,44
"2017","Street Fighter V","2016","Fighting Game",1317769.55,160,58
"2017","Gears of War 4","2016","Third-Person Shooter",1064000,88,16
"2017","PLAYERUNKNOWNS BATTLEGROUNDS","2017","Battle Royale",1007803.6,193,14
"2017","rFactor 2","2013","Racing",1000000,30,1
"2017","Madden NFL 2017","2016","Sports",904000,39,4
"2017","Clash Royale","2016","Strategy",876496.34,80,10
"2017","Rainbow Six Siege","2015","First-Person Shooter",863557.28,296,23
"2017","World of WarCraft","2004","Role-Playing Game",726000,115,17
"2017","Arena of Valor","2015","Multiplayer Online Battle Arena",716852,116,7
"2017","World of Tanks","2010","Strategy",700000,98,3
"2017","Injustice 2","2017","Fighting Game",673484.6,53,20
"2017","Super Smash Bros. Melee","2001","Fighting Game",631757.73,456,298
"2017","Super Smash Bros. for Wii U","2014","Fighting Game",515416.43,458,247
"2017","Pro Evolution Soccer 2017","2016","Sports",510000,16,5
"2017","Attack on Titan Tribute Game","2013","Fighting Game",380000,43,13
"2017","StarCraft: Brood War","1998","Strategy",369062.94,85,56
"2017","Paladins","2015","First-Person Shooter",357026.63,108,18
"2017","FIFA Online 3","2012","Sports",342023,46,2
"2017","Gwent","2016","Collectible Card Game",302988.98,274,91
"2017","Tekken 7","2015","Fighting Game",292386.1,95,33
"2017","Call of Duty: World War II","2017","First-Person Shooter",271354.31,68,23
"2017","WarCraft III","2002","Strategy",242954.2,96,198
"2017","Vainglory","2014","Multiplayer Online Battle Arena",179400,101,10
"2017","Brawlhalla","2015","Fighting Game",170667.7,157,60
"2017","Blade & Soul","2012","Role-Playing Game",149772,24,1
"2017","Old School Runescape","2013","Role-Playing Game",122000,37,8
"2017","Point Blank","2008","First-Person Shooter",121570,78,4
"2017","Shadowverse","2016","Collectible Card Game",120000,24,1
"2017","Heroes of Newerth","2010","Multiplayer Online Battle Arena",117046.61,20,2
"2017","Magic: The Gathering Online","2002","Collectible Card Game",116000,16,1
"2017","Pokémon VGC","2017","Strategy",113000,83,9
"2017","Age of Empires II","1999","Strategy",97218.43,187,41
"2017","Team Fortress 2","2007","First-Person Shooter",82296.52,202,19
"2017","KartRider","2004","Racing",76160.35,33,2
"2017","iRacing.com","2008","Racing",50889.99,144,10
"2017","FIFA 18","2017","Sports",44545.55,31,8
"2017","Hand of the Gods","2017","Collectible Card Game",44400,44,34
"2017","Killer Instinct (2013)","2013","Fighting Game",44040,40,8
"2017","Pokkén Tournament","2016","Fighting Game",36635,35,15
"2017","Marvel vs. Capcom: Infinite","2017","Fighting Game",34120,20,5
"2017","World of Tanks Blitz","2016","Strategy",30000,14,1
"2017","Guilty Gear Xrd REV 2","2017","Fighting Game",29180,36,10
"2017","BlazBlue: Central Fiction","2015","Fighting Game",27870,45,15
"2017","Age of Empires","1997","Strategy",27588.21,65,14
"2017","Project M","2010","Fighting Game",25890.48,102,22
"2017","Mortal Kombat XL","2016","Fighting Game",24002.4,29,7
"2017","King of Fighters XIV","2016","Fighting Game",23568.67,53,15
"2017","Battlerite","2016","Multiplayer Online Battle Arena",23541.71,42,35
"2017","Chess.com","2007","Strategy",22704.95,65,17
"2017","Madden NFL 2018","2017","Sports",20676.62,9,2
"2017","Mad Skills Motocross 2","2017","Racing",20163,12,1
"2017","Rivals of Aether","2015","Fighting Game",14100,13,3
"2017","Super Smash Bros.","1999","Fighting Game",13925.2,87,20
"2017","Yu-Gi-Oh! Duel Links","2016","Collectible Card Game",13354.44,142,85
"2017","TrackMania 2: Stadium","2013","Racing",13217.87,60,20
"2017","Ultimate Marvel vs. Capcom 3","2011","Fighting Game",13045,33,13
"2017","Heavy Metal Machines","2017","Multiplayer Online Battle Arena",12339.33,35,1
"2017","Quake Live","2010","First-Person Shooter",10492.75,21,19
"2017","Critical Ops","2015","First-Person Shooter",10106.41,4,2
"2017","Quake II","1997","First-Person Shooter",10000,3,1
"2017","osu!","2007","Strategy",7560,499,3
"2017","Guilty Gear Xrd -REVELATOR-","2016","Fighting Game",7537.94,30,8
"2017","Doom (2016)","2016","First-Person Shooter",7000,6,1
"2017","Pokkén Tournament DX","2017","Fighting Game",6249,15,5
"2017","Project Cars","2015","Racing",5938.21,4,22
"2017","Skullgirls 2nd Encore","2015","Fighting Game",5780,20,3
"2017","QuakeWorld","1996","First-Person Shooter",5000,3,1
"2017","Rage","2011","First-Person Shooter",5000,3,1
"2017","The Elder Scrolls: Legends","2017","Collectible Card Game",5000,3,1
"2017","Wolfenstein: Enemy Territory","2003","First-Person Shooter",4493.3,23,2
"2017","Power Rangers: Legacy Wars","2017","Fighting Game",4178.55,2,1
"2017","Super Smash Bros. Brawl","2008","Fighting Game",3828.03,31,8
"2017","Under Night In-Birth EXE: Late[st]","2015","Fighting Game",3790,23,7
"2017","Company of Heroes 2","2013","Strategy",3556.22,8,1
"2017","Splatoon 2","2017","First-Person Shooter",3425,0,3
"2017","Age of Empires III","2005","Strategy",3300,19,7
"2017","ARMS","2017","Fighting Game",3257.1,31,13
"2017","Street Fighter III: 3rd Strike","1999","Fighting Game",2958.36,3,2
"2017","Super Street Fighter II Turbo","1994","Fighting Game",2760,18,5
"2017","Forza Motorsport 6","2015","Racing",2500,2,2
"2017","Mystery Game Tournament","2019","Fighting Game",2480,15,2
"2017","Battlefield 4","2013","First-Person Shooter",2305.53,20,1
"2017","Dead or Alive 5: Last Round","2015","Fighting Game",2280,13,6
"2017","ComPet","2016","Strategy",2000,50,1
"2017","Vampire Savior","1997","Fighting Game",1830,10,3
"2017","Clash of Clans","2012","Strategy",1576.87,2,1
"2017","Tetris","1989","Puzzle Game",1500,2,1
"2017","Lichess","2010","Strategy",1100,8,2
"2017","Call of Duty 2","2005","First-Person Shooter",1073.91,6,1
"2017","S.K.I.L.L. - Special Force 2","2013","First-Person Shooter",1000,0,1
"2017","Under Night In-Birth EXE: Late","2014","Fighting Game",960,7,2
"2017","Soul Calibur II HD Online","2013","Fighting Game",860,11,2
"2017","Melty Blood: Actress Again Current Code","2010","Fighting Game",810,9,2
"2017","Guilty Gear XX Accent Core Plus R","2012","Fighting Game",660,6,2
"2017","Capcom vs. SNK 2","2001","Fighting Game",610,6,2
"2017","Catherine","2011","Puzzle Game",570,5,2
"2017","Ultra Street Fighter IV","2014","Fighting Game",530,6,2
"2017","Age of Empires Online","2011","Strategy",500,8,1
"2017","Persona 4 Arena Ultimax","2013","Fighting Game",490,6,2
"2017","Street Fighter X Tekken","2012","Fighting Game",480,5,2
"2017","Dengeki Bunko: Fighting Climax Ignition","2015","Fighting Game",390,5,2
"2017","Soul Calibur V","2012","Fighting Game",330,4,2
"2017","NHL '94","1993","Sports",321.2,7,3
"2017","TrackMania 2: Canyon","2011","Racing",318.36,3,1
"2017","Tekken Tag Tournament 2","2011","Fighting Game",310,3,1
"2017","Gundam Versus","2017","First-Person Shooter",280,6,1
"2017","Xonotic","2010","First-Person Shooter",249.81,26,3
"2017","Divekick","2013","Fighting Game",240,3,1
"2017","Puyo Puyo Tetris","2014","Puzzle Game",240,3,1
"2017","Tetris Ultimate","2014","Puzzle Game",221,3,1
"2017","Arcana Heart 3: LOVE MAX!!!!!","2013","Fighting Game",200,3,1
"2017","Windjammers","1994","Strategy",200,4,2
"2017","Koihime Enbu","2016","Fighting Game",190,3,1
"2017","Tatsunoko vs. Capcom: Ultimate All-Stars","2010","Fighting Game",160,3,1
"2017","Chaos Code: New Sign of Catastrophe","2013","Fighting Game",140,3,1
"2018","Dota 2","2013","Multiplayer Online Battle Arena",41457368.99,1154,174
"2018","Counter-Strike: Global Offensive","2012","First-Person Shooter",23224809.49,4649,992
"2018","Fortnite","2017","Battle Royale",20055313.34,1444,176
"2018","League of Legends","2009","Multiplayer Online Battle Arena",14558458.52,1816,183
"2018","PLAYERUNKNOWNS BATTLEGROUNDS","2017","Battle Royale",8319226.32,1507,123
"2018","Overwatch","2016","First-Person Shooter",6615791.65,1548,120
"2018","Heroes of the Storm","2015","Multiplayer Online Battle Arena",5277279.76,368,34
"2018","Arena of Valor","2015","Multiplayer Online Battle Arena",5190956.76,312,21
"2018","Hearthstone","2014","Collectible Card Game",4711852.27,828,131
"2018","Call of Duty: World War II","2017","First-Person Shooter",4287916.69,247,41
"2018","StarCraft II","2010","Strategy",4024730.65,365,448
"2018","Rocket League","2015","Sports",2340259.81,386,127
"2018","FIFA 18","2017","Sports",2189152.14,226,40
"2018","Rainbow Six Siege","2015","First-Person Shooter",2005274.27,595,68
"2018","Halo 5: Guardians","2015","First-Person Shooter",1873750,101,18
"2018","Shadowverse","2016","Collectible Card Game",1310000,24,1
"2018","SMITE","2014","Multiplayer Online Battle Arena",1183500,143,11
"2018","Street Fighter V: Arcade Edition","2018","Fighting Game",1155685.67,141,49
"2018","CrossFire","2007","First-Person Shooter",1074640.06,151,26
"2018","Gears of War 4","2016","Third-Person Shooter",1022000,93,7
"2018","NBA 2K18","2017","Sports",1000000,91,4
"2018","World of WarCraft","2004","Role-Playing Game",740000,124,27
"2018","Paladins","2015","First-Person Shooter",659000,106,8
"2018","Quake Champions","2017","First-Person Shooter",641890.4,128,134
"2018","Call of Duty: Black Ops 4","2018","First-Person Shooter",640563,151,41
"2018","PLAYERUNKNOWN'S BATTLEGROUNDS Mobile","2017","Battle Royale",617069.08,114,6
"2018","FIFA 19","2018","Sports",551731.35,131,19
"2018","Attack on Titan Tribute Game","2013","Fighting Game",494250,64,15
"2018","Gwent","2016","Collectible Card Game",441568.19,54,15
"2018","StarCraft: Brood War","1998","Strategy",434890.36,83,33
"2018","Super Smash Bros. Melee","2001","Fighting Game",364222.84,296,112
"2018","Clash Royale","2016","Strategy",349534.49,79,13
"2018","Tekken 7","2015","Fighting Game",333255.91,110,51
"2018","Brawlhalla","2015","Fighting Game",297604.7,196,98
"2018","Super Smash Bros. for Wii U","2014","Fighting Game",276009.69,392,179
"2018","Realm Royale","2018","First-Person Shooter",263000,47,9
"2018","Madden NFL 2018","2017","Sports",259000,32,1
"2018","Forza Motorsport 7","2017","Racing",250000,26,3
"2018","Pro Evolution Soccer 2018","2017","Sports",250000,20,3
"2018","FIFA Online 4","2018","Sports",240000,37,1
"2018","FIFA Online 3","2012","Sports",237112.5,36,1
"2018","F1 2018","2018","Racing",200000,21,1
"2018","Magic: The Gathering Online","2002","Collectible Card Game",200000,23,1
"2018","WarCraft III","2002","Strategy",176129.87,70,117
"2018","Injustice 2","2017","Fighting Game",160648.23,37,13
"2018","Old School Runescape","2013","Role-Playing Game",156500,20,5
"2018","iRacing.com","2008","Racing",143340.3,191,18
"2018","Guns of Boom","2017","First-Person Shooter",133950,4,14
"2018","Dragon Ball FighterZ","2018","Fighting Game",132741.37,79,30
"2018","Chess.com","2007","Strategy",120424.01,73,14
"2018","Warface","2013","First-Person Shooter",109555,32,2
"2018","NHL 18","2017","Sports",102700,20,6
"2018","Creative Destruction","2018","Multiplayer Online Battle Arena",100000,8,1
"2018","Zula","2015","First-Person Shooter",100000,20,1
"2018","Point Blank","2008","First-Person Shooter",99000,10,1
"2018","Pokémon VGC","2017","Strategy",98500,112,15
"2018","Team Fortress 2","2007","First-Person Shooter",91821.73,281,20
"2018","Battalion 1944","2018","First-Person Shooter",78576.62,53,7
"2018","H1Z1","2016","Battle Royale",75000,20,1
"2018","Super Smash Bros. Ultimate","2018","Fighting Game",74587.45,271,63
"2018","Age of Empires II","1999","Strategy",64496.33,95,57
"2018","Heroes of Newerth","2010","Multiplayer Online Battle Arena",64039.12,0,1
"2018","Hand of the Gods","2017","Collectible Card Game",50000,13,1
"2018","Artifact","2018","Collectible Card Game",48666.35,93,29
"2018","Age of Empires","1997","Strategy",41426.72,84,21
"2018","Yu-Gi-Oh! Duel Links","2016","Collectible Card Game",35372.28,234,133
"2018","Project Cars 2","2017","Racing",33750,10,2
"2018","World of Tanks Blitz","2016","Strategy",33330,0,5
"2018","Battlerite","2016","Multiplayer Online Battle Arena",28750,29,2
"2018","RaceRoom Racing Experience","2013","Racing",27768.7,91,5
"2018","TrackMania 2: Stadium","2013","Racing",26329.28,82,39
"2018","Madden NFL 19","2018","Sports",25000,1,1
"2018","Guilty Gear Xrd REV 2","2017","Fighting Game",22557.64,45,13
"2018","BlazBlue: Cross Tag Battle","2018","Fighting Game",19143.33,32,8
"2018","Killer Instinct (2013)","2013","Fighting Game",17770,14,4
"2018","Lichess","2010","Strategy",15325,19,10
"2018","Assetto Corsa","2014","Racing",15000,8,1
"2018","ARMS","2017","Fighting Game",13297.14,71,56
"2018","Project M","2010","Fighting Game",13056.56,77,24
"2018","Super Smash Bros.","1999","Fighting Game",10747.76,58,14
"2018","King of Fighters XIV","2016","Fighting Game",10469.23,21,6
"2018","Battlefield 4","2013","First-Person Shooter",10275.45,38,2
"2018","Magic: The Gathering Arena","2018","Collectible Card Game",10000,16,1
"2018","Soul Calibur VI","2018","Fighting Game",9891,19,6
"2018","Under Night In-Birth EXE: Late[st]","2015","Fighting Game",7876.27,32,8
"2018","BlazBlue: Central Fiction","2015","Fighting Game",7523.06,33,8
"2018","Marvel vs. Capcom: Infinite","2017","Fighting Game",5952.12,28,9
"2018","Splatoon 2","2017","First-Person Shooter",5360,0,3
"2018","Minecraft","2011","Multiplayer Online Battle Arena",4839.15,10,3
"2018","Black Squad","2017","First-Person Shooter",4470.29,52,15
"2018","Company of Heroes 2","2013","Strategy",4400,8,1
"2018","osu!","2007","Strategy",4320,255,1
"2018","Mortal Kombat XL","2016","Fighting Game",4120,11,2
"2018","Super Smash Bros. Brawl","2008","Fighting Game",3613.19,23,9
"2018","Age of Empires III","2005","Strategy",3550,20,14
"2018","Mortal Kombat 9","2011","Fighting Game",3260,8,1
"2018","Pokkén Tournament DX","2017","Fighting Game",3181.4,16,8
"2018","Super Street Fighter II Turbo","1994","Fighting Game",2947.53,23,7
"2018","NHL 19","2018","Sports",2866.67,5,2
"2018","Skullgirls 2nd Encore","2015","Fighting Game",2801,8,3
"2018","Mystery Game Tournament","2019","Fighting Game",2560,15,2
"2018","Critical Ops","2015","First-Person Shooter",2500,0,1
"2018","Vampire Savior","1997","Fighting Game",2170,12,4
"2018","Street Fighter III: 3rd Strike","1999","Fighting Game",1950,16,4
"2018","Sailor Moon S","1995","Fighting Game",1646.06,10,4
"2018","Tetris","1989","Puzzle Game",1500,2,1
"2018","Melty Blood: Actress Again Current Code","2010","Fighting Game",1430,12,3
"2018","Fighting EX Layer","2018","Fighting Game",1260,9,4
"2018","Ultimate Marvel vs. Capcom 3","2011","Fighting Game",1160,5,2
"2018","QuakeWorld","1996","First-Person Shooter",1042.22,9,3
"2018","Age of Empires Online","2011","Strategy",1000,6,2
"2018","Halo 3","2007","First-Person Shooter",800,12,1
"2018","Guilty Gear XX Accent Core Plus R","2012","Fighting Game",780,6,2
"2018","Ultra Street Fighter IV","2014","Fighting Game",680.81,9,3
"2018","Street Fighter Alpha 2","1996","Fighting Game",680,8,3
"2018","Windjammers","1994","Strategy",665.41,7,3
"2018","Koihime Enbu","2016","Fighting Game",590,3,1
"2018","Quake Live","2010","First-Person Shooter",500,2,1
"2018","Street Fighter X Tekken","2012","Fighting Game",500,5,2
"2018","Puyo Puyo Tetris","2014","Puzzle Game",466.67,6,2
"2018","Catherine","2011","Puzzle Game",450,5,2
"2018","SNK Heroines: Tag Team Frenzy","2018","Fighting Game",430,3,1
"2018","Arcana Heart 3: Love Max Six Stars!!!!!","2014","Fighting Game",410,6,2
"2018","Quake II","1997","First-Person Shooter",379.5,2,1
"2018","TrackMania 2: Canyon","2011","Racing",369.6,3,1
"2018","Dengeki Bunko: Fighting Climax Ignition","2015","Fighting Game",300,8,1
"2018","Street Fighter Alpha 3","1998","Fighting Game",300,3,1
"2018","Xonotic","2010","First-Person Shooter",277.75,39,3
"2018","Divekick","2013","Fighting Game",250,3,1
"2018","Dead or Alive 5: Last Round","2015","Fighting Game",240,3,1
"2018","TrackMania Nations Forever","2008","Racing",235.2,3,1
"2018","Tatsunoko vs. Capcom: Ultimate All-Stars","2010","Fighting Game",230,3,1
"2018","Mario Kart 8 Deluxe","2017","Racing",220,4,1
"2018","Super Mario Party","2018","Strategy",220,4,1
"2018","rFactor 2","2013","Racing",213,2,2
"2018","Warsow","2012","First-Person Shooter",183,2,1
"2018","Reflex","2015","First-Person Shooter",163.66,12,3
"2018","Age of Mythology","2002","Strategy",160,3,1
"2018","Street Fighter EX2 Plus","1999","Fighting Game",160,3,1
"2018","Capcom vs. SNK 2","2001","Fighting Game",150,3,1
"2018","Garou: Mark of the Wolves","1999","Fighting Game",108.71,4,1
"2018","Samurai Shodown V Special","2004","Fighting Game",108.71,4,1
"2018","Soul Calibur II HD Online","2013","Fighting Game",85.41,4,1
"2018","Soul Calibur V","2012","Fighting Game",77.64,4,1
"2018","Lethal League Blaze","2018","Fighting Game",11.4,1,1
"2019","Fortnite","2017","Battle Royale",66905204,2339,370
"2019","Dota 2","2013","Multiplayer Online Battle Arena",47009635.94,1317,219
"2019","Counter-Strike: Global Offensive","2012","First-Person Shooter",21918116.55,3889,823
"2019","PLAYERUNKNOWNS BATTLEGROUNDS","2017","Battle Royale",11267221.08,1394,112
"2019","Overwatch","2016","First-Person Shooter",9587036.77,1226,58
"2019","League of Legends","2009","Multiplayer Online Battle Arena",8533949.53,1770,166
"2019","Arena of Valor","2015","Multiplayer Online Battle Arena",7821265.46,264,19
"2019","Call of Duty: Black Ops 4","2018","First-Person Shooter",6626389,399,41
"2019","Rainbow Six Siege","2015","First-Person Shooter",5018249.86,965,89
"2019","Hearthstone","2014","Collectible Card Game",4770261.85,484,41
"2019","Magic: The Gathering Arena","2018","Collectible Card Game",4402000,219,33
"2019","StarCraft II","2010","Strategy",3124852.59,393,361
"2019","PLAYERUNKNOWN'S BATTLEGROUNDS Mobile","2017","Battle Royale",3031637.99,799,23
"2019","Rocket League","2015","Sports",3023496.33,383,121
"2019","Apex Legends","2019","Battle Royale",2861382.64,682,80
"2019","FIFA 19","2018","Sports",2690910.99,250,29
"2019","Shadowverse","2016","Collectible Card Game",1761477.09,184,35
"2019","Auto Chess","2019","Strategy",1076322.28,72,6
"2019","Super Smash Bros. Ultimate","2018","Fighting Game",1042387.83,1619,961
"2019","CrossFire","2007","First-Person Shooter",1014147.75,94,11
"2019","Street Fighter V: Arcade Edition","2018","Fighting Game",841164.16,148,48
"2019","Clash Royale","2016","Strategy",837130,84,8
"2019","Clash of Clans","2012","Strategy",750000,75,2
"2019","Tekken 7","2015","Fighting Game",747880.51,243,83
"2019","Free Fire","2017","Battle Royale",614613.12,166,7
"2019","Brawlhalla","2015","Fighting Game",527352.3,215,125
"2019","F1 2019","2019","Racing",500000,22,1
"2019","Gears 5","2019","Third-Person Shooter",500000,72,4
"2019","Gears of War 4","2016","Third-Person Shooter",500000,61,2
"2019","FIFA 20","2019","Sports",476372.64,139,21
"2019","TEPPEN","2019","Strategy",456721.47,12,1
"2019","World of WarCraft","2004","Role-Playing Game",450000,52,4
"2019","Teamfight Tactics","2019","Strategy",449284.65,133,11
"2019","FIFA Online 4","2018","Sports",437000,58,2
"2019","Paladins","2015","First-Person Shooter",410000,49,2
"2019","WarCraft III","2002","Strategy",392576.52,67,40
"2019","iRacing.com","2008","Racing",389642.94,256,22
"2019","Forza Motorsport 7","2017","Racing",346200,63,5
"2019","Halo 3","2007","First-Person Shooter",325200,66,8
"2019","Call of Duty: Modern Warfare","2019","First-Person Shooter",303612.5,66,7
"2019","StarCraft: Brood War","1998","Strategy",302457.08,68,15
"2019","Heroes of the Storm","2015","Multiplayer Online Battle Arena",296276,114,15
"2019","Mortal Kombat 11","2019","Fighting Game",291622.33,153,35
"2019","Super Smash Bros. Melee","2001","Fighting Game",229660.22,385,121
"2019","Pro Evolution Soccer 2019","2019","Sports",216000,25,2
"2019","Magic: The Gathering Online","2002","Collectible Card Game",200000,24,1
"2019","Attack on Titan Tribute Game","2013","Fighting Game",160000,21,3
"2019","Age of Empires II","1999","Strategy",137414.31,186,140
"2019","Dragon Ball FighterZ","2018","Fighting Game",123187.27,107,40
"2019","Assetto Corsa","2014","Racing",110003.3,46,21
"2019","Battalion 1944","2018","First-Person Shooter",107078.05,76,14
"2019","Farming Simulator 19","2018","Strategy",106133.1,72,8
"2019","Madden NFL 19","2018","Sports",100000,5,2
"2019","Chess.com","2007","Strategy",99858.11,140,22
"2019","Old School Runescape","2013","Role-Playing Game",97000,7,4
"2019","rFactor 2","2013","Racing",89220.15,103,18
"2019","Soul Calibur VI","2018","Fighting Game",83854.21,83,29
"2019","Minecraft","2011","Multiplayer Online Battle Arena",80000,12,8
"2019","Big Buck Hunter Arcade","2016","First-Person Shooter",76200,3,1
"2019","Quake Champions","2017","First-Person Shooter",72186.51,30,5
"2019","Dead or Alive 6","2019","Fighting Game",72006.54,61,17
"2019","Ring of Elysium","2018","Battle Royale",70000,9,4
"2019","Artifact","2018","Collectible Card Game",69272.34,194,117
"2019","Guns of Boom","2017","First-Person Shooter",64800,8,7
"2019","Samurai Shodown (2019)","2019","Fighting Game",64149.91,53,13
"2019","BlazBlue: Cross Tag Battle","2018","Fighting Game",62136.7,73,22
"2019","Guilty Gear Xrd REV 2","2017","Fighting Game",60443.06,65,22
"2019","TrackMania 2: Stadium","2013","Racing",54028.26,122,83
"2019","RaceRoom Racing Experience","2013","Racing",53160,54,8
"2019","Asphalt 9: Legends","2018","Racing",51520,5,2
"2019","Halo: Reach","2010","First-Person Shooter",50000,16,1
"2019","Splitgate: Arena Warfare","2019","Multiplayer Online Battle Arena",50000,64,2
"2019","WWE 2K20","2019","Fighting Game",50000,20,2
"2019","Call of Duty: Warzone","2020","First-Person Shooter",45000,13,3
"2019","BlazBlue: Central Fiction","2015","Fighting Game",39752.85,35,8
"2019","Brawl Stars","2018","Strategy",38700,37,9
"2019","Team Fortress 2","2007","First-Person Shooter",37432.94,289,14
"2019","Under Night In-Birth EXE: Late[st]","2015","Fighting Game",32430.17,66,17
"2019","Project Cars 2","2017","Racing",32400,32,20
"2019","King of Fighters XIV","2016","Fighting Game",32275.7,29,9
"2019","Gwent","2016","Collectible Card Game",25000,8,1
"2019","Dota Underlords","2019","Strategy",22635.68,56,29
"2019","NHL 19","2018","Sports",19700,6,6
"2019","Street Fighter V","2016","Fighting Game",15000,8,1
"2019","Lichess","2010","Strategy",13600,38,23
"2019","Age of Empires","1997","Strategy",10960,23,11
"2019","Tetris","1989","Puzzle Game",10000,16,1
"2019","Age of Empires III","2005","Strategy",9035,28,30
"2019","Project M","2010","Fighting Game",8117.61,43,13
"2019","King of Fighters 98","1998","Fighting Game",7945.57,7,3
"2019","Pokkén Tournament DX","2017","Fighting Game",7908.57,25,9
"2019","Million Arthur: Arcana Blood","2017","Fighting Game",7420,6,2
"2019","Skullgirls 2nd Encore","2015","Fighting Game",6110,10,3
"2019","Super Smash Bros. for Wii U","2014","Fighting Game",5840,12,2
"2019","Super Smash Bros.","1999","Fighting Game",4662.2,25,4
"2019","Mystery Game Tournament","2019","Fighting Game",4035,26,3
"2019","Gran Turismo Sport","2017","Racing",4020,9,2
"2019","Black Squad","2017","First-Person Shooter",4010.43,20,2
"2019","Rivals of Aether","2015","Fighting Game",3435,15,5
"2019","Wolfenstein: Enemy Territory","2003","First-Person Shooter",3305.09,18,2
"2019","Street Fighter III: 3rd Strike","1999","Fighting Game",2809.92,19,4
"2019","Super Street Fighter II Turbo","1994","Fighting Game",2752.11,22,6
"2019","Super Smash Bros. Brawl","2008","Fighting Game",2706,19,4
"2019","Vampire Savior","1997","Fighting Game",2600,12,4
"2019","Naruto Shippuden: Ultimate Ninja Storm 4","2016","Fighting Game",2550,7,3
"2019","Melty Blood: Actress Again Current Code","2010","Fighting Game",2475,15,4
"2019","Windjammers","1994","Strategy",2266.75,14,3
"2019","Puyo Puyo Champions","2019","Puzzle Game",2071.8,9,3
"2019","Marvel vs. Capcom: Infinite","2017","Fighting Game",1920,12,4
"2019","Lethal League Blaze","2018","Fighting Game",1861.5,13,5
"2019","Ultra Street Fighter IV","2014","Fighting Game",1705.61,15,5
"2019","Ultimate Marvel vs. Capcom 3","2011","Fighting Game",1678.47,15,6
"2019","ARMS","2017","Fighting Game",1643.85,26,12
"2019","Injustice 2","2017","Fighting Game",1610,12,4
"2019","Killer Instinct (2013)","2013","Fighting Game",1500,11,3
"2019","Dengeki Bunko: Fighting Climax Ignition","2015","Fighting Game",1315,11,3
"2019","Sailor Moon S","1995","Fighting Game",1235.13,8,5
"2019","Guilty Gear XX Accent Core Plus R","2012","Fighting Game",1220,6,3
"2019","Quake II","1997","First-Person Shooter",1200,1,1
"2019","QuakeWorld","1996","First-Person Shooter",1200,1,1
"2019","Power Rangers: Battle for the Grid","2019","Fighting Game",1050,6,2
"2019","Counter-Strike: Source","2004","First-Person Shooter",1000,3,1
"2019","Warparty","2019","Strategy",1000,4,1
"2019","Puyo Puyo Tetris","2014","Puzzle Game",911.08,14,4
"2019","Teenage Mutant Ninja Turtles: Tournament Fighters","1993","Fighting Game",820,7,2
"2019","Capcom vs. SNK 2","2001","Fighting Game",730,6,2
"2019","Street Fighter Alpha 2","1996","Fighting Game",710,7,3
"2019","Kill la Kill the Game: IF","2019","Fighting Game",700,6,2
"2019","Company of Heroes 2","2013","Strategy",605,3,4
"2019","Soul Calibur II","2003","Fighting Game",590,6,2
"2019","Koihime Enbu","2016","Fighting Game",585,6,2
"2019","Persona 4 Arena Ultimax","2013","Fighting Game",560,6,2
"2019","Mortal Kombat X","2015","Fighting Game",480,3,1
"2019","Tatsunoko vs. Capcom: Ultimate All-Stars","2010","Fighting Game",470,5,2
"2019","Marvel vs. Capcom 2","2000","Fighting Game",420,3,1
"2019","Fighting EX Layer","2018","Fighting Game",372.96,6,2
"2019","TrackMania 2: Canyon","2011","Racing",337.68,3,1
"2019","Ultra Fight Da! Kyanta 2","2019","Fighting Game",320,3,1
"2019","Samurai Shodown V Special","2004","Fighting Game",251.4,6,2
"2019","Street Fighter X Tekken","2012","Fighting Game",250,3,1
"2019","Mario Kart 8 Deluxe","2017","Racing",229.44,3,1
"2019","Garou: Mark of the Wolves","1999","Fighting Game",225,3,1
"2019","GRID (2019)","2019","Racing",218.75,3,1
"2019","Acceleration of SUGURI 2","2018","Fighting Game",210,3,1
"2019","Tekken 5: Dark Resurrection","2006","Fighting Game",210,4,1
"2019","Fighter's History Dynamite","1994","Fighting Game",195,3,1
"2019","Street Fighter EX2 Plus","1999","Fighting Game",190,3,1
"2019","Them's Fightin' Herds","2018","Fighting Game",190,3,1
"2019","Catherine: Full Body","2019","Puzzle Game",185,3,1
"2019","Catherine","2011","Puzzle Game",180,3,1
"2019","Project Justice","2000","Fighting Game",165,3,1
"2019","Virtua Fighter 5 Final Showdown","2010","Fighting Game",160,4,1
"2019","Nitroplus Blasterz: Heroines Infinite Duel","2015","Fighting Game",150,3,1
"2019","Hokuto no Ken","2005","Fighting Game",145,3,1
"2019","Mortal Kombat XL","2016","Fighting Game",140,2,1
"2019","Mordhau","2019","Fighting Game",123,0,1
"2019","Arcana Heart 3: Love Max Six Stars!!!!!","2014","Fighting Game",110,3,1
"2019","Umineko: Golden Fantasia","2010","Fighting Game",90,3,1
"2019","Aquapazza: Aquaplus Dream Match","2011","Fighting Game",85,3,1
"2019","Virtua Fighter 5","2007","Fighting Game",80,1,1
"2019","Shovel Knight Showdown","2019","Fighting Game",60,3,1
"2019","Mario Tennis Aces","2018","Sports",51.3,3,1
"2019","Hand of the Gods","2017","Collectible Card Game",34.2,1,1
"2019","Guilty Gear","1998","Fighting Game",32,3,1
"2019","Xonotic","2010","First-Person Shooter",22.82,15,2
"2019","Yu-Gi-Oh! Duel Links","2016","Collectible Card Game",20,1,1
"2020","Counter-Strike: Global Offensive","2012","First-Person Shooter",7503285.71,1927,271
"2020","Dota 2","2013","Multiplayer Online Battle Arena",5398985.15,611,81
"2020","Rainbow Six Siege","2015","First-Person Shooter",3976708.26,495,24
"2020","Fortnite","2017","Battle Royale",3076760,251,18
"2020","League of Legends","2009","Multiplayer Online Battle Arena",2881317.7,776,31
"2020","PLAYERUNKNOWNS BATTLEGROUNDS","2017","Battle Royale",2342327.57,739,41
"2020","Hearthstone","2014","Collectible Card Game",1744250,269,17
"2020","Rocket League","2015","Sports",1653922.43,266,76
"2020","Call of Duty: Modern Warfare","2019","First-Person Shooter",1226172,192,27
"2020","Magic: The Gathering Arena","2018","Collectible Card Game",1100000,28,2
"2020","Call of Duty: Warzone","2020","First-Person Shooter",1002163.37,304,42
"2020","StarCraft II","2010","Strategy",869440.74,247,196
"2020","Arena of Valor","2015","Multiplayer Online Battle Arena",827021.41,50,2
"2020","Apex Legends","2019","Battle Royale",826489.05,469,64
"2020","chess24","2014","Strategy",627876.21,48,6
"2020","FIFA 20","2019","Sports",592301.08,157,18
"2020","CrossFire","2007","First-Person Shooter",558386.52,40,2
"2020","VALORANT","2020","First-Person Shooter",501578.58,848,122
"2020","Chess.com","2007","Strategy",387921.52,307,37
"2020","Lichess","2010","Strategy",374500,43,16
"2020","Overwatch","2016","First-Person Shooter",336862,212,6
"2020","Free Fire","2017","Battle Royale",298779.11,171,5
"2020","Age of Empires II","1999","Strategy",174539.58,80,49
"2020","Super Smash Bros. Ultimate","2018","Fighting Game",159868.38,394,115
"2020","Teamfight Tactics","2019","Strategy",155029,23,2
"2020","Super Smash Bros. Melee","2001","Fighting Game",101677.35,81,17
"2020","Mortal Kombat 11","2019","Fighting Game",100980,24,2
"2020","StarCraft: Brood War","1998","Strategy",90461.94,73,9
"2020","WarCraft III: Reforged","2020","Strategy",89667.43,55,50
"2020","Brawlhalla","2015","Fighting Game",85746.6,142,25
"2020","Dragon Ball FighterZ","2018","Fighting Game",82056.76,27,3
"2020","PLAYERUNKNOWN'S BATTLEGROUNDS Mobile","2017","Battle Royale",78946,156,9
"2020","WarCraft III","2002","Strategy",72425.8,18,8
"2020","rFactor 2","2013","Racing",67517.66,26,8
"2020","Brawl Stars","2018","Strategy",56250,21,1
"2020","Escape from Tarkov","2020","First-Person Shooter",54600,3,2
"2020","Farming Simulator 19","2018","Strategy",52228.2,55,4
"2020","Gwent","2016","Collectible Card Game",51200,14,2
"2020","Quake Champions","2017","First-Person Shooter",50679.03,34,4
"2020","Forza Motorsport 7","2017","Racing",49000,48,1
"2020","Tekken 7","2015","Fighting Game",43136.32,50,9
"2020","iRacing.com","2008","Racing",40000,89,7
"2020","Assetto Corsa","2014","Racing",39772.8,20,3
"2020","TrackMania 2: Stadium","2013","Racing",39385.07,195,81
"2020","F1 2019","2019","Racing",38047.38,3,1
"2020","Playchess.com","2002","Strategy",24005.23,76,4
"2020","Street Fighter V: Arcade Edition","2018","Fighting Game",20286.12,19,3
"2020","UNO","2016","Strategy",20000,16,2
"2020","Shadowverse","2016","Collectible Card Game",19700,35,5
"2020","Rivals of Aether","2015","Fighting Game",19552,17,2
"2020","Legends of Runeterra","2020","Collectible Card Game",18481.03,14,3
"2020","Prophecy","2020","Strategy",13000,27,4
"2020","Age of Empires","1997","Strategy",11954,50,1
"2020","Team Fortress 2","2007","First-Person Shooter",10403.92,152,6
"2020","Dirt Rally 2.0","2019","Racing",10000,5,2
"2020","Old School Runescape","2013","Role-Playing Game",7004.2,12,1
"2020","Age of Empires III","2005","Strategy",6473,42,6
"2020","Diabotical","2020","First-Person Shooter",5535.93,46,13
"2020","Guilty Gear Xrd REV 2","2017","Fighting Game",4374,12,3
"2020","RaceRoom Racing Experience","2013","Racing",4290,21,4
"2020","Heroes of the Storm","2015","Multiplayer Online Battle Arena",4035,9,1
"2020","Samurai Shodown (2019)","2019","Fighting Game",3860,10,2
"2020","Unreal Tournament (2016)","2016","First-Person Shooter",3698.92,65,3
"2020","Dota Underlords","2019","Strategy",3388.5,12,7
"2020","Pokkén Tournament DX","2017","Fighting Game",2736.43,6,3
"2020","Fantasy Strike","2019","Fighting Game",2610,8,1
"2020","Under Night In-Birth EXE: Late[st]","2015","Fighting Game",2456.89,11,2
"2020","FIFA Online 4","2018","Sports",2240,3,1
"2020","Mystery Game Tournament","2019","Fighting Game",1920,8,1
"2020","Tetr.io","2020","Strategy",1753.09,8,6
"2020","BlazBlue: Cross Tag Battle","2018","Fighting Game",1520,8,1
"2020","Super Smash Bros.","1999","Fighting Game",1507.18,18,4
"2020","Skullgirls 2nd Encore","2015","Fighting Game",1480,8,1
"2020","Mario Kart 8 Deluxe","2017","Racing",1305,24,2
"2020","Splatoon 2","2017","First-Person Shooter",1270,13,1
"2020","King of Fighters XIV","2016","Fighting Game",1260,6,2
"2020","Artifact","2018","Collectible Card Game",1154.85,29,19
"2020","Soul Calibur VI","2018","Fighting Game",1050,8,1
"2020","Clash Royale","2016","Strategy",1000,3,1
"2020","Street Fighter V: Champion Edition","2020","Fighting Game",1000,4,1
"2020","Under Night In-Birth Exe:Late[cl-r]","2020","Fighting Game",1000,4,1
"2020","Windjammers","1994","Strategy",1000,10,2
"2020","Puyo Puyo Tetris","2014","Puzzle Game",931.19,8,5
"2020","Street Fighter III: 3rd Strike","1999","Fighting Game",880,8,1
"2020","Super Smash Bros. Brawl","2008","Fighting Game",770,11,3
"2020","Melty Blood: Actress Again Current Code","2010","Fighting Game",720,8,1
"2020","Ultimate Marvel vs. Capcom 3","2011","Fighting Game",630,3,1
"2020","BlazBlue: Central Fiction","2015","Fighting Game",600,3,1
"2020","Xonotic","2010","First-Person Shooter",593.95,53,8
"2020","Super Street Fighter II Turbo","1994","Fighting Game",590,6,2
"2020","Guilty Gear XX Accent Core Plus R","2012","Fighting Game",550,3,1
"2020","Vampire Savior","1997","Fighting Game",520,3,1
"2020","Marvel vs. Capcom: Infinite","2017","Fighting Game",490,3,1
"2020","Super Smash Bros. for Wii U","2014","Fighting Game",490,3,1
"2020","King of Fighters XIII","2010","Fighting Game",480,3,1
"2020","King of Fighters 2002 Unlimited Match","2009","Fighting Game",380,3,1
"2020","Sailor Moon S","1995","Fighting Game",310,3,1
"2020","Capcom vs. SNK 2","2001","Fighting Game",240,3,1
"2020","Age of Empires Online","2011","Strategy",200,3,1
"2020","Garou: Mark of the Wolves","1999","Fighting Game",180,3,1
"2020","Magical Drop III","1997","Puzzle Game",130,3,1
"2020","Samurai Shodown V Special","2004","Fighting Game",130,3,1
"2020","Kill la Kill the Game: IF","2019","Fighting Game",70,3,1
"2020","TrackMania Nations Forever","2008","Racing",56.3,3,1
"2020","Trackmania (2020)","2020","Racing",56.21,3,1
